height,weight,age,gender,activity,diet,allergies,goal,day1_bf,day1_bf_cal,day1_lunch,day1_lunch_cal,day1_dinner,day1_dinner_cal,day2_bf,day2_bf_cal,day2_lunch,day2_lunch_cal,day2_dinner,day2_dinner_cal,day3_bf,day3_bf_cal,day3_lunch,day3_lunch_cal,day3_dinner,day3_dinner_cal,day4_bf,day4_bf_cal,day4_lunch,day4_lunch_cal,day4_dinner,day4_dinner_cal,day5_bf,day5_bf_cal,day5_lunch,day5_lunch_cal,day5_dinner,day5_dinner_cal,day6_bf,day6_bf_cal,day6_lunch,day6_lunch_cal,day6_dinner,day6_dinner_cal,day7_bf,day7_bf_cal,day7_lunch,day7_lunch_cal,day7_dinner,day7_dinner_cal
187,90,44,Male,High,Vegan,Gluten,Gain,Salad,220,Quinoa,290,Lentils,280,Tofu Stir Fry,310,Vegan Curry,300,Lentils,280,Lentils,280,Fruit Bowl,180,Vegan Curry,300,Quinoa,290,Fruit Bowl,180,Fruit Bowl,180,Vegetable Stew,270,Smoothie,200,Tofu Stir Fry,310,Salad,220,Quinoa,290,Salad,220,Vegan Curry,300,Lentils,280,Vegan Curry,300
187,57,22,Male,Low,Vegan,Nuts,Gain,Salad,220,Lentils,280,Vegetable Stew,270,Vegan Curry,300,Millet Upma,260,Salad,220,Tofu Stir Fry,310,Vegetable Stew,270,Quinoa,290,Tofu Stir Fry,310,Smoothie,200,Vegan Curry,300,Salad,220,Vegan Curry,300,Fruit Bowl,180,Millet Upma,260,Lentils,280,Smoothie,200,Millet Upma,260,Vegan Curry,300,Lentils,280
185,47,30,Male,Medium,Vegan,Nuts,Gain,Millet Upma,260,Millet Upma,260,Tofu Stir Fry,310,Millet Upma,260,Smoothie,200,Smoothie,200,Tofu Stir Fry,310,Quinoa,290,Vegetable Stew,270,Smoothie,200,Lentils,280,Salad,220,Salad,220,Tofu Stir Fry,310,Lentils,280,Lentils,280,Millet Upma,260,Millet Upma,260,Smoothie,200,Lentils,280,Tofu Stir Fry,310
186,80,20,Female,Low,Veg,Nuts,Gain,Idli,200,Upma,230,Upma,230,Dal,280,Poha,220,Rice,240,Rice,240,Oats,250,Vegetable Khichdi,320,Dal,280,Chappati,210,Rice,240,Oats,250,Vegetable Pulao,300,Idli,200,Chappati,210,Vegetable Khichdi,320,Oats,250,Paneer Curry,350,Vegetable Pulao,300,Chappati,210
180,96,25,Female,Low,Veg,None,Maintain,Upma,230,Poha,220,Chappati,210,Paneer Curry,350,Dal,280,Paneer Curry,350,Rice,240,Rice,240,Upma,230,Dal,280,Rice,240,Paneer Curry,350,Rice,240,Rice,240,Poha,220,Poha,220,Upma,230,Idli,200,Vegetable Pulao,300,Paneer Curry,350,Paneer Curry,350
159,67,41,Male,Low,Non-Veg,None,Loss,Chicken Curry,400,Paratha,320,Chicken Curry,400,Paratha,320,Brown Rice,300,Chicken Curry,400,Brown Rice,300,Paneer,330,Grilled Chicken,360,Paratha,320,Boiled Eggs,160,Eggs,270,Chicken Curry,400,Omelette,250,Chicken Curry,400,Paneer,330,Eggs,270,Eggs,270,Grilled Chicken,360,Fish Fry,350,Omelette,250
161,74,20,Female,Medium,Vegan,Dairy,Maintain,Fruit Bowl,180,Lentils,280,Vegan Curry,300,Tofu Stir Fry,310,Salad,220,Vegan Curry,300,Lentils,280,Fruit Bowl,180,Quinoa,290,Smoothie,200,Vegetable Stew,270,Fruit Bowl,180,Millet Upma,260,Tofu Stir Fry,310,Smoothie,200,Salad,220,Salad,220,Vegan Curry,300,Lentils,280,Salad,220,Fruit Bowl,180
185,58,42,Female,Low,Veg,Dairy,Loss,Chappati,210,Upma,230,Chappati,210,Chappati,210,Rice,240,Idli,200,Oats,250,Upma,230,Rice,240,Vegetable Khichdi,320,Poha,220,Vegetable Pulao,300,Idli,200,Vegetable Khichdi,320,Oats,250,Idli,200,Upma,230,Dal,280,Vegetable Pulao,300,Vegetable Pulao,300,Vegetable Pulao,300
159,67,21,Male,High,Vegan,Gluten,Loss,Tofu Stir Fry,310,Fruit Bowl,180,Vegetable Stew,270,Vegetable Stew,270,Quinoa,290,Salad,220,Fruit Bowl,180,Lentils,280,Fruit Bowl,180,Millet Upma,260,Lentils,280,Lentils,280,Tofu Stir Fry,310,Vegetable Stew,270,Millet Upma,260,Smoothie,200,Salad,220,Fruit Bowl,180,Vegetable Stew,270,Vegan Curry,300,Fruit Bowl,180
164,65,27,Female,Low,Non-Veg,None,Gain,Boiled Eggs,160,Paratha,320,Eggs,270,Grilled Chicken,360,Paneer,330,Eggs,270,Grilled Chicken,360,Eggs,270,Grilled Chicken,360,Paneer,330,Omelette,250,Paneer,330,Eggs,270,Fish Fry,350,Brown Rice,300,Eggs,270,Paratha,320,Chicken Curry,400,Paneer,330,Eggs,270,Brown Rice,300
161,50,58,Male,High,Vegan,Gluten,Loss,Smoothie,200,Tofu Stir Fry,310,Lentils,280,Vegan Curry,300,Millet Upma,260,Vegan Curry,300,Vegan Curry,300,Vegetable Stew,270,Vegetable Stew,270,Salad,220,Millet Upma,260,Lentils,280,Millet Upma,260,Quinoa,290,Quinoa,290,Tofu Stir Fry,310,Vegan Curry,300,Quinoa,290,Tofu Stir Fry,310,Millet Upma,260,Tofu Stir Fry,310
152,62,44,Male,Low,Non-Veg,Nuts,Maintain,Chicken Curry,400,Omelette,250,Omelette,250,Paratha,320,Omelette,250,Boiled Eggs,160,Chicken Curry,400,Brown Rice,300,Chicken Curry,400,Paratha,320,Omelette,250,Brown Rice,300,Brown Rice,300,Eggs,270,Omelette,250,Grilled Chicken,360,Eggs,270,Paratha,320,Fish Fry,350,Omelette,250,Omelette,250
163,77,36,Female,Low,Vegan,Gluten,Gain,Tofu Stir Fry,310,Salad,220,Smoothie,200,Salad,220,Vegan Curry,300,Lentils,280,Vegetable Stew,270,Vegetable Stew,270,Quinoa,290,Fruit Bowl,180,Vegetable Stew,270,Vegan Curry,300,Quinoa,290,Quinoa,290,Millet Upma,260,Tofu Stir Fry,310,Vegan Curry,300,Lentils,280,Smoothie,200,Smoothie,200,Tofu Stir Fry,310
154,67,18,Male,High,Vegan,Gluten,Maintain,Salad,220,Lentils,280,Tofu Stir Fry,310,Vegetable Stew,270,Millet Upma,260,Tofu Stir Fry,310,Fruit Bowl,180,Vegan Curry,300,Salad,220,Salad,220,Tofu Stir Fry,310,Fruit Bowl,180,Vegetable Stew,270,Lentils,280,Fruit Bowl,180,Quinoa,290,Tofu Stir Fry,310,Quinoa,290,Lentils,280,Lentils,280,Vegan Curry,300
177,74,57,Female,High,Veg,Gluten,Maintain,Poha,220,Vegetable Pulao,300,Poha,220,Idli,200,Poha,220,Paneer Curry,350,Dal,280,Vegetable Khichdi,320,Idli,200,Rice,240,Chappati,210,Rice,240,Idli,200,Upma,230,Vegetable Khichdi,320,Dal,280,Poha,220,Vegetable Pulao,300,Paneer Curry,350,Chappati,210,Rice,240
189,69,38,Female,Low,Vegan,Gluten,Loss,Quinoa,290,Fruit Bowl,180,Vegan Curry,300,Tofu Stir Fry,310,Millet Upma,260,Smoothie,200,Millet Upma,260,Lentils,280,Fruit Bowl,180,Fruit Bowl,180,Quinoa,290,Smoothie,200,Tofu Stir Fry,310,Vegetable Stew,270,Salad,220,Salad,220,Quinoa,290,Millet Upma,260,Fruit Bowl,180,Smoothie,200,Vegetable Stew,270
156,62,46,Male,High,Veg,Nuts,Maintain,Upma,230,Vegetable Pulao,300,Upma,230,Idli,200,Vegetable Pulao,300,Idli,200,Rice,240,Rice,240,Paneer Curry,350,Rice,240,Rice,240,Poha,220,Vegetable Pulao,300,Upma,230,Paneer Curry,350,Dal,280,Vegetable Pulao,300,Paneer Curry,350,Chappati,210,Oats,250,Idli,200
177,49,27,Male,Medium,Vegan,Dairy,Maintain,Salad,220,Quinoa,290,Vegetable Stew,270,Fruit Bowl,180,Vegan Curry,300,Fruit Bowl,180,Millet Upma,260,Quinoa,290,Vegan Curry,300,Tofu Stir Fry,310,Quinoa,290,Fruit Bowl,180,Millet Upma,260,Tofu Stir Fry,310,Tofu Stir Fry,310,Fruit Bowl,180,Vegetable Stew,270,Millet Upma,260,Vegan Curry,300,Smoothie,200,Quinoa,290
165,46,60,Female,High,Vegan,None,Maintain,Vegan Curry,300,Tofu Stir Fry,310,Vegan Curry,300,Vegan Curry,300,Fruit Bowl,180,Lentils,280,Vegan Curry,300,Fruit Bowl,180,Salad,220,Quinoa,290,Quinoa,290,Smoothie,200,Vegan Curry,300,Quinoa,290,Salad,220,Fruit Bowl,180,Vegan Curry,300,Fruit Bowl,180,Salad,220,Vegetable Stew,270,Vegetable Stew,270
173,96,35,Female,Medium,Non-Veg,Dairy,Loss,Eggs,270,Fish Fry,350,Paratha,320,Chicken Curry,400,Eggs,270,Eggs,270,Chicken Curry,400,Brown Rice,300,Grilled Chicken,360,Paratha,320,Grilled Chicken,360,Omelette,250,Grilled Chicken,360,Eggs,270,Eggs,270,Fish Fry,350,Eggs,270,Paratha,320,Paneer,330,Paneer,330,Grilled Chicken,360
185,99,22,Male,Medium,Non-Veg,Nuts,Gain,Chicken Curry,400,Paneer,330,Paneer,330,Grilled Chicken,360,Brown Rice,300,Paneer,330,Paratha,320,Omelette,250,Boiled Eggs,160,Paneer,330,Omelette,250,Paneer,330,Brown Rice,300,Fish Fry,350,Brown Rice,300,Omelette,250,Chicken Curry,400,Eggs,270,Chicken Curry,400,Grilled Chicken,360,Brown Rice,300
177,79,32,Female,High,Non-Veg,None,Gain,Paratha,320,Boiled Eggs,160,Eggs,270,Eggs,270,Brown Rice,300,Brown Rice,300,Brown Rice,300,Grilled Chicken,360,Paratha,320,Brown Rice,300,Chicken Curry,400,Paratha,320,Omelette,250,Paneer,330,Paratha,320,Paneer,330,Grilled Chicken,360,Grilled Chicken,360,Paneer,330,Paneer,330,Eggs,270
169,55,33,Female,Low,Non-Veg,Nuts,Gain,Paratha,320,Brown Rice,300,Paratha,320,Fish Fry,350,Brown Rice,300,Chicken Curry,400,Fish Fry,350,Omelette,250,Fish Fry,350,Boiled Eggs,160,Brown Rice,300,Fish Fry,350,Eggs,270,Grilled Chicken,360,Paratha,320,Brown Rice,300,Eggs,270,Brown Rice,300,Chicken Curry,400,Chicken Curry,400,Paratha,320
180,46,40,Male,Low,Vegan,Dairy,Maintain,Vegetable Stew,270,Quinoa,290,Smoothie,200,Quinoa,290,Millet Upma,260,Vegetable Stew,270,Vegan Curry,300,Millet Upma,260,Vegan Curry,300,Fruit Bowl,180,Lentils,280,Vegan Curry,300,Vegetable Stew,270,Vegan Curry,300,Smoothie,200,Fruit Bowl,180,Tofu Stir Fry,310,Fruit Bowl,180,Smoothie,200,Quinoa,290,Salad,220
181,62,20,Male,High,Vegan,None,Loss,Vegetable Stew,270,Salad,220,Lentils,280,Quinoa,290,Quinoa,290,Vegan Curry,300,Tofu Stir Fry,310,Fruit Bowl,180,Fruit Bowl,180,Lentils,280,Quinoa,290,Vegetable Stew,270,Tofu Stir Fry,310,Smoothie,200,Millet Upma,260,Salad,220,Millet Upma,260,Smoothie,200,Salad,220,Quinoa,290,Quinoa,290
180,89,54,Female,Low,Veg,Dairy,Maintain,Paneer Curry,350,Chappati,210,Rice,240,Vegetable Pulao,300,Upma,230,Paneer Curry,350,Poha,220,Vegetable Pulao,300,Idli,200,Rice,240,Upma,230,Upma,230,Poha,220,Idli,200,Poha,220,Idli,200,Dal,280,Dal,280,Paneer Curry,350,Vegetable Pulao,300,Chappati,210
166,52,24,Male,Low,Veg,Dairy,Gain,Chappati,210,Poha,220,Oats,250,Vegetable Pulao,300,Vegetable Pulao,300,Vegetable Khichdi,320,Poha,220,Paneer Curry,350,Upma,230,Upma,230,Oats,250,Oats,250,Dal,280,Vegetable Khichdi,320,Chappati,210,Upma,230,Oats,250,Dal,280,Paneer Curry,350,Vegetable Khichdi,320,Rice,240
168,71,45,Female,High,Vegan,Gluten,Gain,Millet Upma,260,Vegan Curry,300,Smoothie,200,Smoothie,200,Tofu Stir Fry,310,Fruit Bowl,180,Lentils,280,Fruit Bowl,180,Tofu Stir Fry,310,Vegetable Stew,270,Salad,220,Millet Upma,260,Millet Upma,260,Millet Upma,260,Millet Upma,260,Quinoa,290,Millet Upma,260,Vegetable Stew,270,Vegetable Stew,270,Vegan Curry,300,Vegan Curry,300
155,93,19,Male,Medium,Veg,Gluten,Maintain,Dal,280,Upma,230,Dal,280,Chappati,210,Vegetable Khichdi,320,Poha,220,Dal,280,Dal,280,Chappati,210,Idli,200,Upma,230,Vegetable Pulao,300,Dal,280,Oats,250,Upma,230,Idli,200,Rice,240,Vegetable Pulao,300,Upma,230,Poha,220,Rice,240
169,74,30,Male,Low,Vegan,Gluten,Maintain,Vegan Curry,300,Vegetable Stew,270,Salad,220,Vegetable Stew,270,Quinoa,290,Lentils,280,Salad,220,Salad,220,Tofu Stir Fry,310,Lentils,280,Lentils,280,Salad,220,Tofu Stir Fry,310,Smoothie,200,Vegan Curry,300,Salad,220,Vegetable Stew,270,Salad,220,Salad,220,Millet Upma,260,Millet Upma,260
168,87,20,Female,High,Veg,Gluten,Gain,Vegetable Pulao,300,Upma,230,Paneer Curry,350,Upma,230,Upma,230,Rice,240,Oats,250,Chappati,210,Upma,230,Chappati,210,Vegetable Pulao,300,Chappati,210,Paneer Curry,350,Poha,220,Oats,250,Idli,200,Rice,240,Upma,230,Idli,200,Poha,220,Vegetable Khichdi,320
160,75,50,Female,Medium,Veg,Dairy,Gain,Paneer Curry,350,Paneer Curry,350,Vegetable Khichdi,320,Idli,200,Upma,230,Vegetable Khichdi,320,Upma,230,Idli,200,Upma,230,Idli,200,Idli,200,Idli,200,Idli,200,Vegetable Pulao,300,Poha,220,Chappati,210,Dal,280,Rice,240,Vegetable Khichdi,320,Poha,220,Dal,280
151,60,28,Female,High,Vegan,None,Loss,Fruit Bowl,180,Vegetable Stew,270,Smoothie,200,Quinoa,290,Quinoa,290,Quinoa,290,Lentils,280,Vegetable Stew,270,Tofu Stir Fry,310,Quinoa,290,Vegan Curry,300,Fruit Bowl,180,Vegetable Stew,270,Salad,220,Vegan Curry,300,Vegetable Stew,270,Salad,220,Lentils,280,Vegetable Stew,270,Vegan Curry,300,Vegetable Stew,270
172,63,57,Male,Low,Non-Veg,Dairy,Loss,Boiled Eggs,160,Eggs,270,Brown Rice,300,Brown Rice,300,Grilled Chicken,360,Grilled Chicken,360,Paneer,330,Grilled Chicken,360,Brown Rice,300,Paratha,320,Paratha,320,Fish Fry,350,Omelette,250,Grilled Chicken,360,Fish Fry,350,Fish Fry,350,Brown Rice,300,Eggs,270,Brown Rice,300,Paneer,330,Grilled Chicken,360
169,90,38,Male,Medium,Veg,Nuts,Maintain,Rice,240,Oats,250,Vegetable Pulao,300,Poha,220,Upma,230,Vegetable Pulao,300,Idli,200,Vegetable Pulao,300,Chappati,210,Dal,280,Rice,240,Upma,230,Idli,200,Oats,250,Chappati,210,Rice,240,Oats,250,Idli,200,Chappati,210,Chappati,210,Upma,230
173,54,55,Female,High,Vegan,None,Maintain,Vegan Curry,300,Tofu Stir Fry,310,Millet Upma,260,Vegan Curry,300,Vegetable Stew,270,Fruit Bowl,180,Lentils,280,Vegetable Stew,270,Vegetable Stew,270,Millet Upma,260,Lentils,280,Lentils,280,Vegan Curry,300,Fruit Bowl,180,Salad,220,Quinoa,290,Vegan Curry,300,Fruit Bowl,180,Tofu Stir Fry,310,Vegan Curry,300,Quinoa,290
175,80,27,Male,Low,Non-Veg,Gluten,Loss,Brown Rice,300,Chicken Curry,400,Brown Rice,300,Fish Fry,350,Omelette,250,Eggs,270,Brown Rice,300,Boiled Eggs,160,Paratha,320,Eggs,270,Brown Rice,300,Paneer,330,Grilled Chicken,360,Chicken Curry,400,Omelette,250,Grilled Chicken,360,Fish Fry,350,Paratha,320,Grilled Chicken,360,Omelette,250,Fish Fry,350
150,98,23,Male,High,Veg,Nuts,Gain,Paneer Curry,350,Paneer Curry,350,Upma,230,Poha,220,Poha,220,Paneer Curry,350,Vegetable Khichdi,320,Idli,200,Vegetable Khichdi,320,Poha,220,Poha,220,Vegetable Khichdi,320,Chappati,210,Rice,240,Paneer Curry,350,Dal,280,Oats,250,Idli,200,Chappati,210,Upma,230,Rice,240
169,69,32,Male,Medium,Vegan,Nuts,Loss,Fruit Bowl,180,Fruit Bowl,180,Fruit Bowl,180,Lentils,280,Vegan Curry,300,Millet Upma,260,Fruit Bowl,180,Tofu Stir Fry,310,Quinoa,290,Vegan Curry,300,Millet Upma,260,Smoothie,200,Fruit Bowl,180,Smoothie,200,Fruit Bowl,180,Lentils,280,Quinoa,290,Fruit Bowl,180,Vegetable Stew,270,Lentils,280,Lentils,280
171,77,30,Female,Medium,Veg,Gluten,Loss,Vegetable Pulao,300,Upma,230,Paneer Curry,350,Poha,220,Idli,200,Vegetable Pulao,300,Vegetable Khichdi,320,Chappati,210,Upma,230,Oats,250,Upma,230,Rice,240,Vegetable Pulao,300,Idli,200,Vegetable Pulao,300,Poha,220,Vegetable Pulao,300,Dal,280,Chappati,210,Vegetable Khichdi,320,Vegetable Khichdi,320
159,75,32,Female,Low,Vegan,Gluten,Gain,Smoothie,200,Millet Upma,260,Millet Upma,260,Vegan Curry,300,Quinoa,290,Vegan Curry,300,Millet Upma,260,Tofu Stir Fry,310,Millet Upma,260,Vegan Curry,300,Quinoa,290,Tofu Stir Fry,310,Smoothie,200,Lentils,280,Quinoa,290,Fruit Bowl,180,Salad,220,Salad,220,Vegetable Stew,270,Fruit Bowl,180,Smoothie,200
150,52,22,Male,Low,Vegan,Dairy,Maintain,Vegetable Stew,270,Fruit Bowl,180,Lentils,280,Vegan Curry,300,Vegetable Stew,270,Vegan Curry,300,Vegan Curry,300,Tofu Stir Fry,310,Millet Upma,260,Quinoa,290,Millet Upma,260,Millet Upma,260,Tofu Stir Fry,310,Vegetable Stew,270,Millet Upma,260,Vegetable Stew,270,Lentils,280,Quinoa,290,Vegetable Stew,270,Tofu Stir Fry,310,Quinoa,290
156,83,20,Female,High,Non-Veg,Gluten,Gain,Fish Fry,350,Paneer,330,Grilled Chicken,360,Eggs,270,Paneer,330,Paratha,320,Omelette,250,Fish Fry,350,Paneer,330,Brown Rice,300,Grilled Chicken,360,Eggs,270,Paneer,330,Chicken Curry,400,Paratha,320,Fish Fry,350,Chicken Curry,400,Chicken Curry,400,Brown Rice,300,Boiled Eggs,160,Brown Rice,300
161,97,49,Male,Medium,Vegan,None,Loss,Millet Upma,260,Lentils,280,Smoothie,200,Tofu Stir Fry,310,Smoothie,200,Lentils,280,Salad,220,Smoothie,200,Fruit Bowl,180,Fruit Bowl,180,Vegetable Stew,270,Smoothie,200,Millet Upma,260,Smoothie,200,Fruit Bowl,180,Millet Upma,260,Vegetable Stew,270,Smoothie,200,Tofu Stir Fry,310,Vegan Curry,300,Vegetable Stew,270
155,56,22,Female,Medium,Non-Veg,Gluten,Gain,Boiled Eggs,160,Omelette,250,Paneer,330,Fish Fry,350,Fish Fry,350,Grilled Chicken,360,Boiled Eggs,160,Grilled Chicken,360,Fish Fry,350,Paneer,330,Eggs,270,Brown Rice,300,Brown Rice,300,Paratha,320,Grilled Chicken,360,Boiled Eggs,160,Omelette,250,Boiled Eggs,160,Brown Rice,300,Omelette,250,Chicken Curry,400
183,53,33,Female,Low,Non-Veg,Gluten,Gain,Paratha,320,Fish Fry,350,Eggs,270,Eggs,270,Paratha,320,Fish Fry,350,Omelette,250,Chicken Curry,400,Fish Fry,350,Grilled Chicken,360,Paneer,330,Boiled Eggs,160,Boiled Eggs,160,Paneer,330,Paratha,320,Paneer,330,Brown Rice,300,Paneer,330,Eggs,270,Paratha,320,Brown Rice,300
183,86,45,Male,Low,Vegan,Nuts,Loss,Smoothie,200,Smoothie,200,Millet Upma,260,Smoothie,200,Salad,220,Vegetable Stew,270,Salad,220,Vegan Curry,300,Vegan Curry,300,Tofu Stir Fry,310,Vegetable Stew,270,Vegetable Stew,270,Tofu Stir Fry,310,Tofu Stir Fry,310,Fruit Bowl,180,Vegan Curry,300,Vegan Curry,300,Tofu Stir Fry,310,Millet Upma,260,Lentils,280,Millet Upma,260
180,88,50,Male,High,Vegan,Nuts,Maintain,Vegetable Stew,270,Smoothie,200,Smoothie,200,Salad,220,Tofu Stir Fry,310,Vegetable Stew,270,Smoothie,200,Lentils,280,Smoothie,200,Millet Upma,260,Millet Upma,260,Vegetable Stew,270,Vegan Curry,300,Salad,220,Lentils,280,Vegetable Stew,270,Vegan Curry,300,Tofu Stir Fry,310,Vegetable Stew,270,Quinoa,290,Lentils,280
174,61,60,Male,Low,Veg,None,Gain,Vegetable Pulao,300,Upma,230,Poha,220,Dal,280,Oats,250,Rice,240,Upma,230,Oats,250,Poha,220,Oats,250,Paneer Curry,350,Vegetable Pulao,300,Rice,240,Paneer Curry,350,Oats,250,Idli,200,Rice,240,Poha,220,Oats,250,Vegetable Khichdi,320,Chappati,210
186,51,42,Female,Medium,Non-Veg,None,Gain,Fish Fry,350,Brown Rice,300,Paneer,330,Chicken Curry,400,Brown Rice,300,Chicken Curry,400,Paneer,330,Omelette,250,Chicken Curry,400,Fish Fry,350,Eggs,270,Brown Rice,300,Paratha,320,Boiled Eggs,160,Grilled Chicken,360,Eggs,270,Brown Rice,300,Paneer,330,Paratha,320,Fish Fry,350,Paneer,330
167,99,47,Female,Medium,Vegan,Gluten,Maintain,Smoothie,200,Tofu Stir Fry,310,Millet Upma,260,Smoothie,200,Tofu Stir Fry,310,Vegan Curry,300,Millet Upma,260,Tofu Stir Fry,310,Salad,220,Lentils,280,Smoothie,200,Vegetable Stew,270,Millet Upma,260,Salad,220,Millet Upma,260,Millet Upma,260,Lentils,280,Millet Upma,260,Quinoa,290,Millet Upma,260,Millet Upma,260
175,60,23,Male,Low,Veg,Nuts,Loss,Paneer Curry,350,Upma,230,Chappati,210,Oats,250,Oats,250,Oats,250,Upma,230,Upma,230,Dal,280,Idli,200,Chappati,210,Rice,240,Oats,250,Chappati,210,Vegetable Pulao,300,Dal,280,Vegetable Khichdi,320,Poha,220,Oats,250,Upma,230,Oats,250
155,89,47,Male,Low,Non-Veg,Dairy,Maintain,Brown Rice,300,Fish Fry,350,Chicken Curry,400,Omelette,250,Fish Fry,350,Paratha,320,Omelette,250,Omelette,250,Paratha,320,Eggs,270,Paneer,330,Fish Fry,350,Paratha,320,Grilled Chicken,360,Brown Rice,300,Grilled Chicken,360,Eggs,270,Boiled Eggs,160,Boiled Eggs,160,Paneer,330,Paratha,320
158,99,54,Female,High,Vegan,Gluten,Loss,Tofu Stir Fry,310,Smoothie,200,Lentils,280,Fruit Bowl,180,Tofu Stir Fry,310,Tofu Stir Fry,310,Lentils,280,Salad,220,Millet Upma,260,Smoothie,200,Millet Upma,260,Lentils,280,Vegetable Stew,270,Quinoa,290,Vegan Curry,300,Smoothie,200,Lentils,280,Tofu Stir Fry,310,Tofu Stir Fry,310,Fruit Bowl,180,Smoothie,200
165,58,57,Male,Low,Vegan,None,Maintain,Fruit Bowl,180,Tofu Stir Fry,310,Fruit Bowl,180,Quinoa,290,Lentils,280,Lentils,280,Tofu Stir Fry,310,Salad,220,Tofu Stir Fry,310,Vegetable Stew,270,Fruit Bowl,180,Millet Upma,260,Tofu Stir Fry,310,Tofu Stir Fry,310,Fruit Bowl,180,Smoothie,200,Quinoa,290,Lentils,280,Smoothie,200,Lentils,280,Fruit Bowl,180
169,75,22,Female,Low,Non-Veg,Nuts,Loss,Paneer,330,Paratha,320,Boiled Eggs,160,Eggs,270,Boiled Eggs,160,Brown Rice,300,Fish Fry,350,Fish Fry,350,Fish Fry,350,Grilled Chicken,360,Chicken Curry,400,Eggs,270,Grilled Chicken,360,Omelette,250,Brown Rice,300,Paratha,320,Boiled Eggs,160,Eggs,270,Boiled Eggs,160,Eggs,270,Fish Fry,350
188,93,41,Male,Medium,Non-Veg,Nuts,Loss,Grilled Chicken,360,Eggs,270,Fish Fry,350,Paneer,330,Omelette,250,Boiled Eggs,160,Eggs,270,Paneer,330,Chicken Curry,400,Chicken Curry,400,Boiled Eggs,160,Brown Rice,300,Paneer,330,Fish Fry,350,Fish Fry,350,Brown Rice,300,Paratha,320,Brown Rice,300,Paneer,330,Chicken Curry,400,Eggs,270
163,74,33,Female,Low,Veg,Dairy,Loss,Poha,220,Oats,250,Vegetable Pulao,300,Dal,280,Upma,230,Upma,230,Chappati,210,Upma,230,Poha,220,Rice,240,Dal,280,Vegetable Khichdi,320,Paneer Curry,350,Idli,200,Rice,240,Idli,200,Chappati,210,Poha,220,Idli,200,Upma,230,Paneer Curry,350
156,58,55,Male,High,Veg,Nuts,Maintain,Vegetable Pulao,300,Poha,220,Vegetable Pulao,300,Rice,240,Poha,220,Idli,200,Oats,250,Rice,240,Vegetable Pulao,300,Idli,200,Rice,240,Vegetable Pulao,300,Chappati,210,Vegetable Khichdi,320,Dal,280,Vegetable Pulao,300,Upma,230,Oats,250,Rice,240,Oats,250,Oats,250
185,82,41,Male,Low,Non-Veg,None,Maintain,Brown Rice,300,Brown Rice,300,Eggs,270,Brown Rice,300,Chicken Curry,400,Boiled Eggs,160,Fish Fry,350,Eggs,270,Boiled Eggs,160,Brown Rice,300,Fish Fry,350,Brown Rice,300,Brown Rice,300,Boiled Eggs,160,Omelette,250,Boiled Eggs,160,Brown Rice,300,Eggs,270,Brown Rice,300,Chicken Curry,400,Omelette,250
168,98,54,Female,Low,Non-Veg,Nuts,Maintain,Brown Rice,300,Paneer,330,Paratha,320,Paratha,320,Paratha,320,Grilled Chicken,360,Eggs,270,Boiled Eggs,160,Fish Fry,350,Grilled Chicken,360,Paneer,330,Eggs,270,Boiled Eggs,160,Brown Rice,300,Grilled Chicken,360,Fish Fry,350,Boiled Eggs,160,Grilled Chicken,360,Eggs,270,Grilled Chicken,360,Paratha,320
183,53,34,Female,Medium,Veg,Nuts,Gain,Vegetable Pulao,300,Idli,200,Chappati,210,Poha,220,Vegetable Khichdi,320,Rice,240,Oats,250,Chappati,210,Dal,280,Poha,220,Rice,240,Chappati,210,Oats,250,Vegetable Khichdi,320,Poha,220,Chappati,210,Chappati,210,Oats,250,Upma,230,Upma,230,Vegetable Khichdi,320
178,50,44,Female,High,Vegan,Gluten,Loss,Quinoa,290,Millet Upma,260,Lentils,280,Fruit Bowl,180,Fruit Bowl,180,Salad,220,Millet Upma,260,Vegan Curry,300,Tofu Stir Fry,310,Fruit Bowl,180,Vegetable Stew,270,Vegetable Stew,270,Lentils,280,Millet Upma,260,Quinoa,290,Quinoa,290,Vegetable Stew,270,Lentils,280,Lentils,280,Millet Upma,260,Quinoa,290
175,70,34,Female,Low,Non-Veg,Dairy,Maintain,Eggs,270,Boiled Eggs,160,Fish Fry,350,Eggs,270,Paneer,330,Eggs,270,Eggs,270,Paneer,330,Paneer,330,Chicken Curry,400,Fish Fry,350,Chicken Curry,400,Omelette,250,Grilled Chicken,360,Paneer,330,Chicken Curry,400,Fish Fry,350,Brown Rice,300,Omelette,250,Brown Rice,300,Fish Fry,350
162,68,31,Male,High,Vegan,Nuts,Gain,Millet Upma,260,Lentils,280,Vegetable Stew,270,Vegetable Stew,270,Fruit Bowl,180,Lentils,280,Salad,220,Smoothie,200,Vegan Curry,300,Fruit Bowl,180,Salad,220,Fruit Bowl,180,Smoothie,200,Tofu Stir Fry,310,Quinoa,290,Salad,220,Vegetable Stew,270,Vegetable Stew,270,Quinoa,290,Vegetable Stew,270,Millet Upma,260
186,45,23,Female,Medium,Non-Veg,Dairy,Maintain,Brown Rice,300,Omelette,250,Brown Rice,300,Brown Rice,300,Grilled Chicken,360,Grilled Chicken,360,Fish Fry,350,Fish Fry,350,Omelette,250,Paneer,330,Paneer,330,Eggs,270,Brown Rice,300,Eggs,270,Boiled Eggs,160,Fish Fry,350,Eggs,270,Paratha,320,Paratha,320,Omelette,250,Chicken Curry,400
151,51,39,Female,Low,Non-Veg,Dairy,Gain,Paratha,320,Fish Fry,350,Eggs,270,Boiled Eggs,160,Omelette,250,Paratha,320,Grilled Chicken,360,Grilled Chicken,360,Omelette,250,Brown Rice,300,Boiled Eggs,160,Omelette,250,Grilled Chicken,360,Boiled Eggs,160,Chicken Curry,400,Chicken Curry,400,Boiled Eggs,160,Chicken Curry,400,Paratha,320,Omelette,250,Omelette,250
183,89,57,Male,High,Non-Veg,Nuts,Gain,Chicken Curry,400,Grilled Chicken,360,Paratha,320,Boiled Eggs,160,Fish Fry,350,Boiled Eggs,160,Paneer,330,Eggs,270,Paneer,330,Eggs,270,Paneer,330,Brown Rice,300,Boiled Eggs,160,Grilled Chicken,360,Brown Rice,300,Eggs,270,Grilled Chicken,360,Paratha,320,Paneer,330,Chicken Curry,400,Eggs,270
155,85,56,Female,Medium,Vegan,None,Maintain,Smoothie,200,Smoothie,200,Quinoa,290,Vegetable Stew,270,Vegetable Stew,270,Quinoa,290,Fruit Bowl,180,Lentils,280,Salad,220,Quinoa,290,Vegan Curry,300,Millet Upma,260,Vegan Curry,300,Tofu Stir Fry,310,Lentils,280,Lentils,280,Lentils,280,Lentils,280,Smoothie,200,Quinoa,290,Fruit Bowl,180
156,67,48,Male,Medium,Vegan,Dairy,Loss,Millet Upma,260,Lentils,280,Lentils,280,Smoothie,200,Vegan Curry,300,Salad,220,Lentils,280,Vegetable Stew,270,Vegetable Stew,270,Vegetable Stew,270,Vegan Curry,300,Vegan Curry,300,Vegan Curry,300,Fruit Bowl,180,Fruit Bowl,180,Smoothie,200,Vegan Curry,300,Lentils,280,Smoothie,200,Salad,220,Vegetable Stew,270
187,47,43,Male,Low,Non-Veg,Dairy,Loss,Chicken Curry,400,Fish Fry,350,Fish Fry,350,Grilled Chicken,360,Grilled Chicken,360,Paratha,320,Chicken Curry,400,Chicken Curry,400,Omelette,250,Omelette,250,Eggs,270,Omelette,250,Fish Fry,350,Fish Fry,350,Boiled Eggs,160,Chicken Curry,400,Eggs,270,Paneer,330,Boiled Eggs,160,Boiled Eggs,160,Omelette,250
168,61,35,Male,Low,Non-Veg,Gluten,Maintain,Eggs,270,Fish Fry,350,Chicken Curry,400,Omelette,250,Paneer,330,Brown Rice,300,Omelette,250,Omelette,250,Omelette,250,Fish Fry,350,Paratha,320,Grilled Chicken,360,Boiled Eggs,160,Omelette,250,Paratha,320,Eggs,270,Paratha,320,Fish Fry,350,Boiled Eggs,160,Boiled Eggs,160,Grilled Chicken,360
161,57,33,Male,High,Vegan,Nuts,Gain,Fruit Bowl,180,Millet Upma,260,Tofu Stir Fry,310,Fruit Bowl,180,Tofu Stir Fry,310,Lentils,280,Vegan Curry,300,Fruit Bowl,180,Lentils,280,Millet Upma,260,Salad,220,Fruit Bowl,180,Millet Upma,260,Lentils,280,Tofu Stir Fry,310,Vegan Curry,300,Vegan Curry,300,Millet Upma,260,Quinoa,290,Lentils,280,Quinoa,290
160,73,51,Female,Medium,Non-Veg,Nuts,Maintain,Paneer,330,Omelette,250,Paneer,330,Paratha,320,Paratha,320,Brown Rice,300,Omelette,250,Eggs,270,Paratha,320,Omelette,250,Paneer,330,Paratha,320,Omelette,250,Brown Rice,300,Paratha,320,Brown Rice,300,Omelette,250,Chicken Curry,400,Brown Rice,300,Boiled Eggs,160,Paratha,320
175,94,38,Female,High,Vegan,Gluten,Gain,Vegetable Stew,270,Salad,220,Quinoa,290,Lentils,280,Salad,220,Millet Upma,260,Vegan Curry,300,Tofu Stir Fry,310,Tofu Stir Fry,310,Vegetable Stew,270,Vegetable Stew,270,Tofu Stir Fry,310,Millet Upma,260,Fruit Bowl,180,Salad,220,Salad,220,Vegan Curry,300,Lentils,280,Vegan Curry,300,Lentils,280,Fruit Bowl,180
166,51,40,Male,High,Non-Veg,Nuts,Maintain,Omelette,250,Paratha,320,Eggs,270,Omelette,250,Boiled Eggs,160,Fish Fry,350,Boiled Eggs,160,Omelette,250,Eggs,270,Brown Rice,300,Paratha,320,Paratha,320,Boiled Eggs,160,Brown Rice,300,Grilled Chicken,360,Eggs,270,Omelette,250,Chicken Curry,400,Eggs,270,Fish Fry,350,Paneer,330
161,94,22,Male,Low,Vegan,Gluten,Gain,Millet Upma,260,Fruit Bowl,180,Vegan Curry,300,Fruit Bowl,180,Vegetable Stew,270,Fruit Bowl,180,Smoothie,200,Lentils,280,Fruit Bowl,180,Millet Upma,260,Vegan Curry,300,Fruit Bowl,180,Vegan Curry,300,Millet Upma,260,Smoothie,200,Millet Upma,260,Vegetable Stew,270,Vegetable Stew,270,Millet Upma,260,Vegan Curry,300,Quinoa,290
171,82,39,Female,High,Non-Veg,None,Gain,Paneer,330,Paneer,330,Omelette,250,Brown Rice,300,Fish Fry,350,Omelette,250,Omelette,250,Brown Rice,300,Grilled Chicken,360,Boiled Eggs,160,Eggs,270,Brown Rice,300,Brown Rice,300,Grilled Chicken,360,Grilled Chicken,360,Eggs,270,Paneer,330,Chicken Curry,400,Eggs,270,Brown Rice,300,Omelette,250
164,67,26,Female,Medium,Vegan,Nuts,Loss,Vegetable Stew,270,Quinoa,290,Vegetable Stew,270,Vegan Curry,300,Fruit Bowl,180,Millet Upma,260,Vegan Curry,300,Vegan Curry,300,Quinoa,290,Vegan Curry,300,Millet Upma,260,Lentils,280,Smoothie,200,Salad,220,Tofu Stir Fry,310,Vegan Curry,300,Quinoa,290,Salad,220,Vegan Curry,300,Quinoa,290,Millet Upma,260
169,64,55,Female,Medium,Veg,Gluten,Loss,Idli,200,Dal,280,Dal,280,Upma,230,Oats,250,Dal,280,Vegetable Khichdi,320,Vegetable Khichdi,320,Chappati,210,Dal,280,Idli,200,Oats,250,Dal,280,Vegetable Khichdi,320,Paneer Curry,350,Poha,220,Idli,200,Idli,200,Rice,240,Rice,240,Paneer Curry,350
172,46,35,Female,Medium,Veg,None,Loss,Vegetable Pulao,300,Paneer Curry,350,Vegetable Pulao,300,Paneer Curry,350,Upma,230,Paneer Curry,350,Vegetable Pulao,300,Chappati,210,Paneer Curry,350,Rice,240,Idli,200,Vegetable Khichdi,320,Paneer Curry,350,Vegetable Pulao,300,Upma,230,Chappati,210,Vegetable Khichdi,320,Upma,230,Paneer Curry,350,Vegetable Pulao,300,Chappati,210
164,78,55,Female,Medium,Veg,None,Gain,Oats,250,Oats,250,Oats,250,Idli,200,Dal,280,Idli,200,Idli,200,Vegetable Pulao,300,Chappati,210,Vegetable Khichdi,320,Vegetable Khichdi,320,Dal,280,Upma,230,Vegetable Khichdi,320,Rice,240,Vegetable Khichdi,320,Poha,220,Vegetable Khichdi,320,Vegetable Khichdi,320,Paneer Curry,350,Rice,240
177,87,48,Female,Low,Non-Veg,Nuts,Maintain,Paneer,330,Grilled Chicken,360,Brown Rice,300,Boiled Eggs,160,Brown Rice,300,Chicken Curry,400,Eggs,270,Chicken Curry,400,Fish Fry,350,Paratha,320,Paratha,320,Grilled Chicken,360,Paneer,330,Fish Fry,350,Chicken Curry,400,Omelette,250,Fish Fry,350,Paratha,320,Omelette,250,Boiled Eggs,160,Paratha,320
188,94,53,Male,Medium,Veg,Dairy,Maintain,Idli,200,Vegetable Pulao,300,Oats,250,Vegetable Pulao,300,Vegetable Khichdi,320,Idli,200,Chappati,210,Idli,200,Dal,280,Dal,280,Upma,230,Upma,230,Upma,230,Vegetable Khichdi,320,Upma,230,Oats,250,Vegetable Khichdi,320,Paneer Curry,350,Vegetable Khichdi,320,Upma,230,Vegetable Khichdi,320
156,94,23,Male,Medium,Veg,Nuts,Loss,Paneer Curry,350,Oats,250,Vegetable Pulao,300,Idli,200,Idli,200,Vegetable Khichdi,320,Dal,280,Dal,280,Vegetable Pulao,300,Poha,220,Idli,200,Chappati,210,Poha,220,Dal,280,Oats,250,Poha,220,Upma,230,Oats,250,Vegetable Pulao,300,Idli,200,Paneer Curry,350
188,90,49,Female,High,Non-Veg,Nuts,Loss,Chicken Curry,400,Eggs,270,Paneer,330,Paneer,330,Boiled Eggs,160,Brown Rice,300,Grilled Chicken,360,Brown Rice,300,Paneer,330,Eggs,270,Boiled Eggs,160,Chicken Curry,400,Grilled Chicken,360,Eggs,270,Brown Rice,300,Brown Rice,300,Paratha,320,Boiled Eggs,160,Omelette,250,Fish Fry,350,Grilled Chicken,360
186,63,23,Female,Low,Vegan,Gluten,Maintain,Quinoa,290,Vegetable Stew,270,Tofu Stir Fry,310,Vegan Curry,300,Vegetable Stew,270,Lentils,280,Quinoa,290,Tofu Stir Fry,310,Smoothie,200,Tofu Stir Fry,310,Smoothie,200,Quinoa,290,Millet Upma,260,Salad,220,Smoothie,200,Fruit Bowl,180,Tofu Stir Fry,310,Vegan Curry,300,Salad,220,Tofu Stir Fry,310,Salad,220
163,51,50,Female,Low,Vegan,None,Gain,Tofu Stir Fry,310,Fruit Bowl,180,Fruit Bowl,180,Millet Upma,260,Salad,220,Fruit Bowl,180,Tofu Stir Fry,310,Smoothie,200,Millet Upma,260,Salad,220,Vegan Curry,300,Fruit Bowl,180,Smoothie,200,Tofu Stir Fry,310,Tofu Stir Fry,310,Fruit Bowl,180,Tofu Stir Fry,310,Tofu Stir Fry,310,Smoothie,200,Vegan Curry,300,Millet Upma,260
155,87,29,Male,Medium,Vegan,Gluten,Loss,Vegetable Stew,270,Smoothie,200,Lentils,280,Vegetable Stew,270,Quinoa,290,Quinoa,290,Tofu Stir Fry,310,Tofu Stir Fry,310,Lentils,280,Fruit Bowl,180,Salad,220,Lentils,280,Fruit Bowl,180,Millet Upma,260,Tofu Stir Fry,310,Fruit Bowl,180,Fruit Bowl,180,Fruit Bowl,180,Tofu Stir Fry,310,Salad,220,Millet Upma,260
174,93,33,Female,Low,Non-Veg,Nuts,Maintain,Grilled Chicken,360,Brown Rice,300,Eggs,270,Paratha,320,Fish Fry,350,Grilled Chicken,360,Grilled Chicken,360,Boiled Eggs,160,Paneer,330,Grilled Chicken,360,Brown Rice,300,Paratha,320,Boiled Eggs,160,Paneer,330,Paratha,320,Grilled Chicken,360,Eggs,270,Boiled Eggs,160,Grilled Chicken,360,Brown Rice,300,Chicken Curry,400
150,51,19,Female,Medium,Vegan,Dairy,Gain,Smoothie,200,Vegetable Stew,270,Lentils,280,Lentils,280,Millet Upma,260,Salad,220,Quinoa,290,Tofu Stir Fry,310,Smoothie,200,Salad,220,Smoothie,200,Millet Upma,260,Salad,220,Tofu Stir Fry,310,Vegetable Stew,270,Millet Upma,260,Fruit Bowl,180,Vegetable Stew,270,Tofu Stir Fry,310,Salad,220,Lentils,280
170,57,47,Female,High,Vegan,None,Maintain,Vegetable Stew,270,Salad,220,Millet Upma,260,Salad,220,Quinoa,290,Fruit Bowl,180,Smoothie,200,Tofu Stir Fry,310,Quinoa,290,Quinoa,290,Salad,220,Millet Upma,260,Tofu Stir Fry,310,Vegetable Stew,270,Quinoa,290,Vegetable Stew,270,Lentils,280,Fruit Bowl,180,Vegetable Stew,270,Quinoa,290,Vegetable Stew,270
161,64,31,Male,Low,Veg,None,Maintain,Upma,230,Dal,280,Poha,220,Poha,220,Paneer Curry,350,Paneer Curry,350,Chappati,210,Idli,200,Oats,250,Paneer Curry,350,Oats,250,Dal,280,Idli,200,Vegetable Pulao,300,Poha,220,Chappati,210,Paneer Curry,350,Oats,250,Idli,200,Chappati,210,Idli,200
161,87,35,Female,High,Veg,None,Maintain,Chappati,210,Dal,280,Oats,250,Poha,220,Poha,220,Poha,220,Paneer Curry,350,Vegetable Pulao,300,Rice,240,Rice,240,Chappati,210,Oats,250,Upma,230,Poha,220,Chappati,210,Vegetable Pulao,300,Poha,220,Vegetable Pulao,300,Idli,200,Vegetable Khichdi,320,Chappati,210
172,93,32,Male,Low,Veg,Gluten,Loss,Upma,230,Poha,220,Dal,280,Paneer Curry,350,Idli,200,Vegetable Khichdi,320,Idli,200,Poha,220,Paneer Curry,350,Vegetable Khichdi,320,Vegetable Khichdi,320,Upma,230,Vegetable Pulao,300,Poha,220,Poha,220,Paneer Curry,350,Upma,230,Vegetable Pulao,300,Vegetable Khichdi,320,Vegetable Pulao,300,Vegetable Khichdi,320
152,98,53,Male,Medium,Vegan,Nuts,Gain,Tofu Stir Fry,310,Salad,220,Salad,220,Lentils,280,Quinoa,290,Vegan Curry,300,Quinoa,290,Vegan Curry,300,Fruit Bowl,180,Salad,220,Vegan Curry,300,Salad,220,Smoothie,200,Smoothie,200,Salad,220,Vegan Curry,300,Vegetable Stew,270,Lentils,280,Tofu Stir Fry,310,Tofu Stir Fry,310,Smoothie,200
162,72,27,Male,Low,Vegan,Nuts,Loss,Vegan Curry,300,Quinoa,290,Tofu Stir Fry,310,Fruit Bowl,180,Millet Upma,260,Lentils,280,Tofu Stir Fry,310,Millet Upma,260,Vegan Curry,300,Tofu Stir Fry,310,Fruit Bowl,180,Millet Upma,260,Lentils,280,Tofu Stir Fry,310,Millet Upma,260,Fruit Bowl,180,Quinoa,290,Salad,220,Vegan Curry,300,Fruit Bowl,180,Vegan Curry,300
169,86,26,Male,High,Vegan,Nuts,Loss,Tofu Stir Fry,310,Lentils,280,Fruit Bowl,180,Lentils,280,Vegetable Stew,270,Tofu Stir Fry,310,Smoothie,200,Fruit Bowl,180,Tofu Stir Fry,310,Smoothie,200,Vegan Curry,300,Lentils,280,Fruit Bowl,180,Salad,220,Quinoa,290,Millet Upma,260,Smoothie,200,Lentils,280,Smoothie,200,Vegetable Stew,270,Tofu Stir Fry,310
157,46,39,Male,Medium,Veg,None,Maintain,Upma,230,Vegetable Pulao,300,Chappati,210,Rice,240,Dal,280,Paneer Curry,350,Vegetable Khichdi,320,Upma,230,Dal,280,Idli,200,Dal,280,Upma,230,Rice,240,Poha,220,Paneer Curry,350,Paneer Curry,350,Dal,280,Chappati,210,Idli,200,Vegetable Khichdi,320,Paneer Curry,350
174,76,27,Male,Medium,Non-Veg,Gluten,Gain,Eggs,270,Grilled Chicken,360,Boiled Eggs,160,Brown Rice,300,Chicken Curry,400,Grilled Chicken,360,Eggs,270,Paneer,330,Paratha,320,Paratha,320,Paratha,320,Omelette,250,Paneer,330,Fish Fry,350,Grilled Chicken,360,Paneer,330,Fish Fry,350,Chicken Curry,400,Paratha,320,Paratha,320,Paratha,320
152,90,37,Female,High,Vegan,Nuts,Gain,Fruit Bowl,180,Tofu Stir Fry,310,Salad,220,Lentils,280,Lentils,280,Lentils,280,Vegetable Stew,270,Smoothie,200,Millet Upma,260,Smoothie,200,Lentils,280,Vegan Curry,300,Vegan Curry,300,Salad,220,Quinoa,290,Millet Upma,260,Fruit Bowl,180,Vegan Curry,300,Lentils,280,Vegetable Stew,270,Smoothie,200
172,96,23,Male,Low,Non-Veg,None,Loss,Fish Fry,350,Chicken Curry,400,Omelette,250,Chicken Curry,400,Fish Fry,350,Paneer,330,Chicken Curry,400,Paneer,330,Boiled Eggs,160,Paneer,330,Omelette,250,Fish Fry,350,Boiled Eggs,160,Eggs,270,Eggs,270,Paneer,330,Grilled Chicken,360,Omelette,250,Boiled Eggs,160,Grilled Chicken,360,Fish Fry,350
160,62,35,Male,High,Non-Veg,Dairy,Gain,Chicken Curry,400,Omelette,250,Omelette,250,Paneer,330,Chicken Curry,400,Paratha,320,Omelette,250,Boiled Eggs,160,Grilled Chicken,360,Grilled Chicken,360,Paratha,320,Omelette,250,Chicken Curry,400,Brown Rice,300,Omelette,250,Fish Fry,350,Chicken Curry,400,Paratha,320,Fish Fry,350,Eggs,270,Chicken Curry,400
153,98,39,Male,Medium,Non-Veg,Nuts,Maintain,Eggs,270,Grilled Chicken,360,Chicken Curry,400,Paneer,330,Paneer,330,Brown Rice,300,Grilled Chicken,360,Fish Fry,350,Paneer,330,Grilled Chicken,360,Grilled Chicken,360,Paneer,330,Fish Fry,350,Omelette,250,Paneer,330,Brown Rice,300,Omelette,250,Eggs,270,Grilled Chicken,360,Boiled Eggs,160,Fish Fry,350
177,99,42,Male,Medium,Veg,Nuts,Gain,Dal,280,Upma,230,Upma,230,Vegetable Pulao,300,Paneer Curry,350,Paneer Curry,350,Rice,240,Vegetable Khichdi,320,Poha,220,Dal,280,Poha,220,Rice,240,Oats,250,Upma,230,Vegetable Pulao,300,Rice,240,Oats,250,Poha,220,Oats,250,Dal,280,Vegetable Pulao,300
186,55,30,Female,Low,Vegan,None,Loss,Vegetable Stew,270,Salad,220,Lentils,280,Lentils,280,Tofu Stir Fry,310,Vegan Curry,300,Vegan Curry,300,Salad,220,Tofu Stir Fry,310,Vegan Curry,300,Fruit Bowl,180,Salad,220,Smoothie,200,Fruit Bowl,180,Salad,220,Vegan Curry,300,Salad,220,Millet Upma,260,Fruit Bowl,180,Vegan Curry,300,Smoothie,200
158,80,48,Male,High,Veg,None,Loss,Rice,240,Vegetable Pulao,300,Chappati,210,Upma,230,Vegetable Pulao,300,Vegetable Khichdi,320,Dal,280,Oats,250,Paneer Curry,350,Vegetable Khichdi,320,Rice,240,Chappati,210,Vegetable Pulao,300,Vegetable Pulao,300,Idli,200,Rice,240,Rice,240,Idli,200,Dal,280,Chappati,210,Oats,250
170,83,31,Female,Medium,Veg,Dairy,Gain,Upma,230,Poha,220,Vegetable Khichdi,320,Oats,250,Idli,200,Vegetable Khichdi,320,Oats,250,Rice,240,Poha,220,Rice,240,Rice,240,Rice,240,Paneer Curry,350,Vegetable Pulao,300,Paneer Curry,350,Poha,220,Rice,240,Vegetable Pulao,300,Paneer Curry,350,Vegetable Khichdi,320,Upma,230
186,65,52,Female,Medium,Veg,None,Loss,Vegetable Pulao,300,Dal,280,Idli,200,Oats,250,Upma,230,Upma,230,Chappati,210,Poha,220,Vegetable Khichdi,320,Vegetable Pulao,300,Idli,200,Dal,280,Vegetable Khichdi,320,Vegetable Khichdi,320,Chappati,210,Vegetable Khichdi,320,Vegetable Pulao,300,Oats,250,Chappati,210,Vegetable Khichdi,320,Upma,230
168,100,57,Male,High,Non-Veg,Gluten,Loss,Omelette,250,Paratha,320,Omelette,250,Chicken Curry,400,Paneer,330,Boiled Eggs,160,Eggs,270,Fish Fry,350,Chicken Curry,400,Fish Fry,350,Omelette,250,Grilled Chicken,360,Paneer,330,Grilled Chicken,360,Grilled Chicken,360,Grilled Chicken,360,Boiled Eggs,160,Omelette,250,Brown Rice,300,Chicken Curry,400,Grilled Chicken,360
157,95,56,Male,Medium,Non-Veg,Gluten,Gain,Omelette,250,Paratha,320,Chicken Curry,400,Paneer,330,Paneer,330,Eggs,270,Brown Rice,300,Eggs,270,Boiled Eggs,160,Paratha,320,Omelette,250,Omelette,250,Boiled Eggs,160,Omelette,250,Brown Rice,300,Paratha,320,Paneer,330,Chicken Curry,400,Fish Fry,350,Boiled Eggs,160,Paneer,330
185,60,43,Female,High,Vegan,Nuts,Gain,Vegan Curry,300,Tofu Stir Fry,310,Millet Upma,260,Vegetable Stew,270,Tofu Stir Fry,310,Vegan Curry,300,Fruit Bowl,180,Smoothie,200,Quinoa,290,Smoothie,200,Fruit Bowl,180,Quinoa,290,Tofu Stir Fry,310,Salad,220,Salad,220,Salad,220,Millet Upma,260,Millet Upma,260,Salad,220,Smoothie,200,Millet Upma,260
182,46,27,Female,High,Non-Veg,Dairy,Maintain,Boiled Eggs,160,Brown Rice,300,Paneer,330,Brown Rice,300,Boiled Eggs,160,Boiled Eggs,160,Eggs,270,Eggs,270,Paneer,330,Paratha,320,Paratha,320,Brown Rice,300,Grilled Chicken,360,Boiled Eggs,160,Fish Fry,350,Grilled Chicken,360,Eggs,270,Grilled Chicken,360,Paratha,320,Brown Rice,300,Paneer,330
184,76,37,Male,High,Vegan,None,Maintain,Vegetable Stew,270,Fruit Bowl,180,Smoothie,200,Lentils,280,Tofu Stir Fry,310,Millet Upma,260,Tofu Stir Fry,310,Salad,220,Fruit Bowl,180,Vegan Curry,300,Salad,220,Lentils,280,Salad,220,Vegetable Stew,270,Quinoa,290,Smoothie,200,Fruit Bowl,180,Quinoa,290,Millet Upma,260,Millet Upma,260,Tofu Stir Fry,310
179,63,38,Female,Medium,Non-Veg,Dairy,Gain,Fish Fry,350,Boiled Eggs,160,Grilled Chicken,360,Grilled Chicken,360,Brown Rice,300,Fish Fry,350,Eggs,270,Eggs,270,Paneer,330,Paratha,320,Paratha,320,Grilled Chicken,360,Fish Fry,350,Brown Rice,300,Eggs,270,Paratha,320,Boiled Eggs,160,Paneer,330,Fish Fry,350,Grilled Chicken,360,Grilled Chicken,360
157,53,31,Male,High,Vegan,Dairy,Gain,Vegan Curry,300,Quinoa,290,Lentils,280,Tofu Stir Fry,310,Quinoa,290,Vegan Curry,300,Quinoa,290,Fruit Bowl,180,Lentils,280,Millet Upma,260,Tofu Stir Fry,310,Quinoa,290,Vegetable Stew,270,Vegan Curry,300,Millet Upma,260,Vegan Curry,300,Vegan Curry,300,Lentils,280,Tofu Stir Fry,310,Vegetable Stew,270,Salad,220
169,53,42,Female,Low,Veg,Nuts,Gain,Idli,200,Rice,240,Upma,230,Idli,200,Chappati,210,Oats,250,Poha,220,Poha,220,Vegetable Pulao,300,Paneer Curry,350,Oats,250,Poha,220,Vegetable Pulao,300,Vegetable Pulao,300,Upma,230,Poha,220,Dal,280,Upma,230,Rice,240,Dal,280,Upma,230
159,94,35,Female,High,Vegan,Gluten,Gain,Salad,220,Tofu Stir Fry,310,Tofu Stir Fry,310,Tofu Stir Fry,310,Quinoa,290,Fruit Bowl,180,Lentils,280,Smoothie,200,Tofu Stir Fry,310,Smoothie,200,Fruit Bowl,180,Quinoa,290,Smoothie,200,Quinoa,290,Quinoa,290,Smoothie,200,Tofu Stir Fry,310,Salad,220,Vegan Curry,300,Lentils,280,Fruit Bowl,180
162,100,58,Female,High,Veg,None,Gain,Rice,240,Oats,250,Vegetable Khichdi,320,Dal,280,Dal,280,Oats,250,Vegetable Khichdi,320,Dal,280,Rice,240,Vegetable Pulao,300,Upma,230,Poha,220,Vegetable Pulao,300,Upma,230,Oats,250,Rice,240,Upma,230,Upma,230,Chappati,210,Chappati,210,Vegetable Khichdi,320
176,60,35,Female,High,Non-Veg,Gluten,Loss,Eggs,270,Brown Rice,300,Chicken Curry,400,Chicken Curry,400,Brown Rice,300,Eggs,270,Paratha,320,Paratha,320,Brown Rice,300,Fish Fry,350,Fish Fry,350,Fish Fry,350,Boiled Eggs,160,Brown Rice,300,Paneer,330,Omelette,250,Chicken Curry,400,Paneer,330,Boiled Eggs,160,Omelette,250,Grilled Chicken,360
189,94,51,Female,High,Vegan,Nuts,Gain,Vegan Curry,300,Vegan Curry,300,Fruit Bowl,180,Lentils,280,Millet Upma,260,Lentils,280,Quinoa,290,Lentils,280,Vegan Curry,300,Tofu Stir Fry,310,Lentils,280,Vegetable Stew,270,Lentils,280,Fruit Bowl,180,Quinoa,290,Vegan Curry,300,Millet Upma,260,Salad,220,Vegetable Stew,270,Vegan Curry,300,Quinoa,290
183,65,56,Female,High,Non-Veg,Nuts,Gain,Paneer,330,Eggs,270,Fish Fry,350,Paneer,330,Eggs,270,Eggs,270,Eggs,270,Brown Rice,300,Brown Rice,300,Paneer,330,Paratha,320,Paratha,320,Paratha,320,Fish Fry,350,Eggs,270,Paratha,320,Paratha,320,Paratha,320,Eggs,270,Paneer,330,Fish Fry,350
179,56,55,Male,Medium,Vegan,Gluten,Maintain,Vegan Curry,300,Vegan Curry,300,Tofu Stir Fry,310,Tofu Stir Fry,310,Quinoa,290,Vegan Curry,300,Fruit Bowl,180,Lentils,280,Smoothie,200,Vegan Curry,300,Vegetable Stew,270,Vegan Curry,300,Tofu Stir Fry,310,Lentils,280,Tofu Stir Fry,310,Quinoa,290,Salad,220,Millet Upma,260,Smoothie,200,Quinoa,290,Millet Upma,260
187,88,42,Female,Low,Non-Veg,None,Gain,Omelette,250,Omelette,250,Paratha,320,Fish Fry,350,Brown Rice,300,Omelette,250,Eggs,270,Brown Rice,300,Paneer,330,Fish Fry,350,Boiled Eggs,160,Boiled Eggs,160,Brown Rice,300,Omelette,250,Brown Rice,300,Chicken Curry,400,Fish Fry,350,Brown Rice,300,Paneer,330,Brown Rice,300,Grilled Chicken,360
152,79,24,Female,High,Veg,Gluten,Gain,Idli,200,Poha,220,Poha,220,Poha,220,Rice,240,Dal,280,Idli,200,Vegetable Pulao,300,Paneer Curry,350,Dal,280,Upma,230,Chappati,210,Upma,230,Idli,200,Idli,200,Idli,200,Vegetable Khichdi,320,Poha,220,Rice,240,Vegetable Khichdi,320,Rice,240
189,72,23,Male,Low,Veg,Nuts,Maintain,Poha,220,Rice,240,Idli,200,Rice,240,Oats,250,Dal,280,Vegetable Khichdi,320,Paneer Curry,350,Rice,240,Upma,230,Vegetable Pulao,300,Oats,250,Idli,200,Rice,240,Dal,280,Paneer Curry,350,Oats,250,Vegetable Pulao,300,Poha,220,Vegetable Khichdi,320,Dal,280
156,65,44,Female,Low,Vegan,None,Gain,Salad,220,Lentils,280,Quinoa,290,Vegan Curry,300,Vegetable Stew,270,Tofu Stir Fry,310,Millet Upma,260,Lentils,280,Fruit Bowl,180,Lentils,280,Millet Upma,260,Vegan Curry,300,Fruit Bowl,180,Salad,220,Millet Upma,260,Salad,220,Smoothie,200,Lentils,280,Tofu Stir Fry,310,Millet Upma,260,Tofu Stir Fry,310
188,79,58,Female,Low,Non-Veg,Gluten,Gain,Brown Rice,300,Grilled Chicken,360,Chicken Curry,400,Grilled Chicken,360,Brown Rice,300,Paneer,330,Paneer,330,Grilled Chicken,360,Eggs,270,Omelette,250,Grilled Chicken,360,Eggs,270,Boiled Eggs,160,Brown Rice,300,Paneer,330,Paneer,330,Eggs,270,Eggs,270,Brown Rice,300,Paratha,320,Boiled Eggs,160
166,95,37,Male,High,Vegan,None,Maintain,Millet Upma,260,Vegan Curry,300,Millet Upma,260,Salad,220,Millet Upma,260,Salad,220,Lentils,280,Quinoa,290,Fruit Bowl,180,Salad,220,Lentils,280,Quinoa,290,Lentils,280,Salad,220,Vegan Curry,300,Vegetable Stew,270,Millet Upma,260,Millet Upma,260,Quinoa,290,Quinoa,290,Vegan Curry,300
164,81,52,Female,High,Vegan,Gluten,Gain,Salad,220,Lentils,280,Vegetable Stew,270,Millet Upma,260,Vegetable Stew,270,Fruit Bowl,180,Quinoa,290,Millet Upma,260,Vegetable Stew,270,Tofu Stir Fry,310,Lentils,280,Smoothie,200,Quinoa,290,Smoothie,200,Vegetable Stew,270,Smoothie,200,Quinoa,290,Salad,220,Millet Upma,260,Vegan Curry,300,Fruit Bowl,180
177,58,55,Male,Low,Veg,Nuts,Loss,Vegetable Pulao,300,Dal,280,Poha,220,Vegetable Khichdi,320,Dal,280,Idli,200,Idli,200,Paneer Curry,350,Dal,280,Oats,250,Rice,240,Vegetable Pulao,300,Rice,240,Paneer Curry,350,Vegetable Pulao,300,Paneer Curry,350,Poha,220,Dal,280,Idli,200,Upma,230,Vegetable Khichdi,320
178,58,54,Male,High,Veg,Dairy,Loss,Paneer Curry,350,Oats,250,Idli,200,Dal,280,Oats,250,Vegetable Pulao,300,Poha,220,Poha,220,Oats,250,Upma,230,Upma,230,Rice,240,Vegetable Khichdi,320,Dal,280,Dal,280,Oats,250,Rice,240,Rice,240,Rice,240,Idli,200,Vegetable Pulao,300
163,86,27,Female,High,Non-Veg,Nuts,Gain,Eggs,270,Paneer,330,Paneer,330,Eggs,270,Boiled Eggs,160,Fish Fry,350,Fish Fry,350,Boiled Eggs,160,Brown Rice,300,Eggs,270,Fish Fry,350,Chicken Curry,400,Grilled Chicken,360,Chicken Curry,400,Boiled Eggs,160,Omelette,250,Fish Fry,350,Boiled Eggs,160,Eggs,270,Brown Rice,300,Omelette,250
181,78,44,Male,Low,Non-Veg,Nuts,Gain,Eggs,270,Brown Rice,300,Brown Rice,300,Fish Fry,350,Eggs,270,Eggs,270,Grilled Chicken,360,Boiled Eggs,160,Paratha,320,Grilled Chicken,360,Brown Rice,300,Boiled Eggs,160,Grilled Chicken,360,Fish Fry,350,Brown Rice,300,Fish Fry,350,Paneer,330,Eggs,270,Omelette,250,Fish Fry,350,Paratha,320
183,48,23,Male,High,Veg,Dairy,Maintain,Paneer Curry,350,Poha,220,Vegetable Pulao,300,Chappati,210,Poha,220,Idli,200,Dal,280,Upma,230,Dal,280,Upma,230,Upma,230,Vegetable Khichdi,320,Rice,240,Poha,220,Upma,230,Upma,230,Poha,220,Upma,230,Dal,280,Poha,220,Vegetable Khichdi,320
161,79,38,Male,High,Vegan,None,Maintain,Lentils,280,Millet Upma,260,Fruit Bowl,180,Salad,220,Quinoa,290,Millet Upma,260,Vegetable Stew,270,Lentils,280,Fruit Bowl,180,Lentils,280,Salad,220,Quinoa,290,Lentils,280,Salad,220,Vegetable Stew,270,Vegan Curry,300,Smoothie,200,Tofu Stir Fry,310,Quinoa,290,Millet Upma,260,Vegetable Stew,270
159,91,46,Female,High,Vegan,Gluten,Loss,Millet Upma,260,Vegan Curry,300,Smoothie,200,Smoothie,200,Quinoa,290,Tofu Stir Fry,310,Quinoa,290,Smoothie,200,Vegetable Stew,270,Millet Upma,260,Millet Upma,260,Fruit Bowl,180,Lentils,280,Vegan Curry,300,Salad,220,Smoothie,200,Smoothie,200,Vegetable Stew,270,Lentils,280,Tofu Stir Fry,310,Vegetable Stew,270
156,51,51,Male,Medium,Veg,Nuts,Maintain,Poha,220,Paneer Curry,350,Paneer Curry,350,Idli,200,Idli,200,Idli,200,Poha,220,Paneer Curry,350,Poha,220,Chappati,210,Poha,220,Poha,220,Chappati,210,Paneer Curry,350,Vegetable Pulao,300,Vegetable Khichdi,320,Upma,230,Oats,250,Chappati,210,Dal,280,Vegetable Khichdi,320
169,98,50,Female,Medium,Vegan,Nuts,Loss,Fruit Bowl,180,Vegan Curry,300,Millet Upma,260,Vegetable Stew,270,Fruit Bowl,180,Smoothie,200,Fruit Bowl,180,Lentils,280,Quinoa,290,Lentils,280,Tofu Stir Fry,310,Vegan Curry,300,Millet Upma,260,Smoothie,200,Fruit Bowl,180,Vegetable Stew,270,Vegetable Stew,270,Lentils,280,Lentils,280,Vegan Curry,300,Vegan Curry,300
158,92,48,Female,Low,Vegan,Dairy,Gain,Vegan Curry,300,Fruit Bowl,180,Fruit Bowl,180,Smoothie,200,Salad,220,Tofu Stir Fry,310,Lentils,280,Tofu Stir Fry,310,Lentils,280,Smoothie,200,Quinoa,290,Smoothie,200,Tofu Stir Fry,310,Lentils,280,Smoothie,200,Fruit Bowl,180,Salad,220,Fruit Bowl,180,Vegan Curry,300,Salad,220,Smoothie,200
180,75,52,Female,Medium,Vegan,Nuts,Gain,Smoothie,200,Vegetable Stew,270,Millet Upma,260,Tofu Stir Fry,310,Lentils,280,Salad,220,Salad,220,Fruit Bowl,180,Vegan Curry,300,Salad,220,Millet Upma,260,Tofu Stir Fry,310,Salad,220,Vegan Curry,300,Vegan Curry,300,Millet Upma,260,Quinoa,290,Vegan Curry,300,Quinoa,290,Fruit Bowl,180,Quinoa,290
177,91,21,Male,Low,Non-Veg,Gluten,Gain,Chicken Curry,400,Paneer,330,Eggs,270,Boiled Eggs,160,Boiled Eggs,160,Omelette,250,Fish Fry,350,Grilled Chicken,360,Grilled Chicken,360,Paneer,330,Chicken Curry,400,Paratha,320,Grilled Chicken,360,Chicken Curry,400,Grilled Chicken,360,Paneer,330,Omelette,250,Fish Fry,350,Grilled Chicken,360,Grilled Chicken,360,Paneer,330
153,86,53,Female,Low,Non-Veg,Nuts,Maintain,Grilled Chicken,360,Brown Rice,300,Grilled Chicken,360,Eggs,270,Paneer,330,Eggs,270,Boiled Eggs,160,Boiled Eggs,160,Omelette,250,Brown Rice,300,Grilled Chicken,360,Chicken Curry,400,Paratha,320,Grilled Chicken,360,Paratha,320,Paratha,320,Brown Rice,300,Paneer,330,Brown Rice,300,Paneer,330,Eggs,270
151,63,56,Male,Low,Vegan,None,Gain,Quinoa,290,Tofu Stir Fry,310,Quinoa,290,Tofu Stir Fry,310,Salad,220,Salad,220,Smoothie,200,Vegan Curry,300,Fruit Bowl,180,Salad,220,Lentils,280,Lentils,280,Lentils,280,Salad,220,Millet Upma,260,Millet Upma,260,Vegetable Stew,270,Lentils,280,Lentils,280,Fruit Bowl,180,Quinoa,290
167,57,20,Male,High,Veg,Dairy,Gain,Poha,220,Upma,230,Upma,230,Vegetable Khichdi,320,Vegetable Pulao,300,Paneer Curry,350,Oats,250,Idli,200,Chappati,210,Dal,280,Rice,240,Vegetable Khichdi,320,Rice,240,Upma,230,Vegetable Pulao,300,Poha,220,Dal,280,Poha,220,Vegetable Pulao,300,Chappati,210,Idli,200
155,71,23,Female,Medium,Non-Veg,Gluten,Maintain,Paratha,320,Paratha,320,Brown Rice,300,Paneer,330,Paratha,320,Eggs,270,Paneer,330,Grilled Chicken,360,Eggs,270,Omelette,250,Brown Rice,300,Brown Rice,300,Boiled Eggs,160,Eggs,270,Chicken Curry,400,Chicken Curry,400,Paratha,320,Omelette,250,Chicken Curry,400,Omelette,250,Boiled Eggs,160
156,49,51,Female,High,Vegan,Gluten,Maintain,Salad,220,Smoothie,200,Tofu Stir Fry,310,Lentils,280,Tofu Stir Fry,310,Tofu Stir Fry,310,Vegan Curry,300,Quinoa,290,Quinoa,290,Vegan Curry,300,Lentils,280,Millet Upma,260,Smoothie,200,Vegetable Stew,270,Quinoa,290,Lentils,280,Tofu Stir Fry,310,Smoothie,200,Vegetable Stew,270,Lentils,280,Millet Upma,260
160,58,58,Male,High,Vegan,Gluten,Loss,Salad,220,Fruit Bowl,180,Millet Upma,260,Quinoa,290,Quinoa,290,Millet Upma,260,Quinoa,290,Tofu Stir Fry,310,Tofu Stir Fry,310,Vegetable Stew,270,Fruit Bowl,180,Vegetable Stew,270,Tofu Stir Fry,310,Fruit Bowl,180,Tofu Stir Fry,310,Vegan Curry,300,Tofu Stir Fry,310,Millet Upma,260,Millet Upma,260,Millet Upma,260,Smoothie,200
162,66,40,Female,Low,Veg,Nuts,Gain,Oats,250,Vegetable Khichdi,320,Chappati,210,Oats,250,Upma,230,Vegetable Khichdi,320,Upma,230,Vegetable Khichdi,320,Dal,280,Vegetable Khichdi,320,Dal,280,Poha,220,Rice,240,Poha,220,Upma,230,Idli,200,Chappati,210,Dal,280,Paneer Curry,350,Paneer Curry,350,Vegetable Pulao,300
162,92,59,Female,Low,Non-Veg,Dairy,Maintain,Brown Rice,300,Paneer,330,Omelette,250,Grilled Chicken,360,Chicken Curry,400,Brown Rice,300,Grilled Chicken,360,Grilled Chicken,360,Boiled Eggs,160,Grilled Chicken,360,Eggs,270,Boiled Eggs,160,Omelette,250,Fish Fry,350,Grilled Chicken,360,Omelette,250,Paratha,320,Boiled Eggs,160,Grilled Chicken,360,Boiled Eggs,160,Boiled Eggs,160
168,86,51,Male,Low,Vegan,Nuts,Loss,Millet Upma,260,Salad,220,Tofu Stir Fry,310,Millet Upma,260,Vegan Curry,300,Quinoa,290,Tofu Stir Fry,310,Vegetable Stew,270,Smoothie,200,Smoothie,200,Quinoa,290,Vegan Curry,300,Vegetable Stew,270,Tofu Stir Fry,310,Vegan Curry,300,Tofu Stir Fry,310,Smoothie,200,Lentils,280,Millet Upma,260,Millet Upma,260,Salad,220
173,75,50,Male,High,Non-Veg,Gluten,Loss,Eggs,270,Omelette,250,Omelette,250,Boiled Eggs,160,Boiled Eggs,160,Grilled Chicken,360,Omelette,250,Paneer,330,Fish Fry,350,Fish Fry,350,Omelette,250,Fish Fry,350,Fish Fry,350,Paratha,320,Chicken Curry,400,Boiled Eggs,160,Omelette,250,Eggs,270,Boiled Eggs,160,Chicken Curry,400,Paratha,320
178,98,58,Male,Medium,Non-Veg,Dairy,Maintain,Brown Rice,300,Grilled Chicken,360,Chicken Curry,400,Boiled Eggs,160,Eggs,270,Chicken Curry,400,Fish Fry,350,Boiled Eggs,160,Eggs,270,Fish Fry,350,Paratha,320,Fish Fry,350,Boiled Eggs,160,Grilled Chicken,360,Fish Fry,350,Brown Rice,300,Grilled Chicken,360,Eggs,270,Boiled Eggs,160,Paratha,320,Fish Fry,350
183,95,52,Female,Medium,Veg,Dairy,Loss,Poha,220,Chappati,210,Vegetable Khichdi,320,Poha,220,Upma,230,Paneer Curry,350,Upma,230,Upma,230,Dal,280,Rice,240,Poha,220,Upma,230,Upma,230,Upma,230,Poha,220,Dal,280,Oats,250,Vegetable Pulao,300,Dal,280,Oats,250,Rice,240
175,94,29,Male,High,Veg,None,Gain,Oats,250,Chappati,210,Vegetable Khichdi,320,Rice,240,Vegetable Khichdi,320,Vegetable Pulao,300,Poha,220,Chappati,210,Poha,220,Chappati,210,Idli,200,Idli,200,Dal,280,Paneer Curry,350,Dal,280,Vegetable Khichdi,320,Upma,230,Vegetable Pulao,300,Vegetable Khichdi,320,Poha,220,Chappati,210
185,72,36,Male,High,Vegan,Nuts,Gain,Smoothie,200,Quinoa,290,Smoothie,200,Vegetable Stew,270,Fruit Bowl,180,Vegetable Stew,270,Smoothie,200,Smoothie,200,Tofu Stir Fry,310,Quinoa,290,Lentils,280,Quinoa,290,Lentils,280,Vegan Curry,300,Smoothie,200,Millet Upma,260,Smoothie,200,Tofu Stir Fry,310,Vegetable Stew,270,Millet Upma,260,Smoothie,200
169,100,53,Male,Medium,Vegan,Dairy,Loss,Salad,220,Smoothie,200,Salad,220,Lentils,280,Millet Upma,260,Quinoa,290,Fruit Bowl,180,Tofu Stir Fry,310,Vegan Curry,300,Tofu Stir Fry,310,Millet Upma,260,Salad,220,Salad,220,Fruit Bowl,180,Tofu Stir Fry,310,Vegetable Stew,270,Vegetable Stew,270,Millet Upma,260,Lentils,280,Smoothie,200,Vegetable Stew,270
187,51,35,Female,High,Non-Veg,Gluten,Maintain,Brown Rice,300,Grilled Chicken,360,Brown Rice,300,Chicken Curry,400,Fish Fry,350,Paneer,330,Boiled Eggs,160,Paneer,330,Brown Rice,300,Paneer,330,Paratha,320,Paratha,320,Fish Fry,350,Paneer,330,Eggs,270,Boiled Eggs,160,Omelette,250,Grilled Chicken,360,Grilled Chicken,360,Omelette,250,Eggs,270
189,80,25,Male,Low,Vegan,Nuts,Loss,Vegan Curry,300,Fruit Bowl,180,Fruit Bowl,180,Salad,220,Lentils,280,Tofu Stir Fry,310,Tofu Stir Fry,310,Salad,220,Millet Upma,260,Millet Upma,260,Lentils,280,Vegan Curry,300,Millet Upma,260,Quinoa,290,Millet Upma,260,Quinoa,290,Fruit Bowl,180,Fruit Bowl,180,Vegan Curry,300,Tofu Stir Fry,310,Millet Upma,260
176,97,48,Male,High,Vegan,Dairy,Gain,Millet Upma,260,Lentils,280,Salad,220,Salad,220,Smoothie,200,Smoothie,200,Millet Upma,260,Salad,220,Vegetable Stew,270,Lentils,280,Quinoa,290,Smoothie,200,Lentils,280,Tofu Stir Fry,310,Salad,220,Smoothie,200,Tofu Stir Fry,310,Vegan Curry,300,Vegetable Stew,270,Quinoa,290,Vegan Curry,300
190,49,50,Male,Medium,Non-Veg,None,Maintain,Eggs,270,Boiled Eggs,160,Boiled Eggs,160,Brown Rice,300,Chicken Curry,400,Fish Fry,350,Paneer,330,Paratha,320,Brown Rice,300,Fish Fry,350,Omelette,250,Chicken Curry,400,Eggs,270,Omelette,250,Boiled Eggs,160,Boiled Eggs,160,Eggs,270,Eggs,270,Omelette,250,Paratha,320,Omelette,250
188,85,31,Female,Medium,Vegan,Dairy,Maintain,Lentils,280,Smoothie,200,Tofu Stir Fry,310,Tofu Stir Fry,310,Quinoa,290,Quinoa,290,Vegetable Stew,270,Tofu Stir Fry,310,Tofu Stir Fry,310,Salad,220,Fruit Bowl,180,Salad,220,Fruit Bowl,180,Quinoa,290,Vegan Curry,300,Tofu Stir Fry,310,Fruit Bowl,180,Quinoa,290,Millet Upma,260,Vegan Curry,300,Fruit Bowl,180
155,48,47,Female,High,Veg,Gluten,Loss,Oats,250,Vegetable Khichdi,320,Dal,280,Poha,220,Paneer Curry,350,Idli,200,Dal,280,Rice,240,Oats,250,Vegetable Khichdi,320,Chappati,210,Poha,220,Oats,250,Poha,220,Rice,240,Upma,230,Rice,240,Oats,250,Rice,240,Vegetable Pulao,300,Poha,220
167,68,43,Male,High,Vegan,Gluten,Loss,Millet Upma,260,Millet Upma,260,Quinoa,290,Tofu Stir Fry,310,Millet Upma,260,Quinoa,290,Salad,220,Fruit Bowl,180,Fruit Bowl,180,Vegetable Stew,270,Salad,220,Lentils,280,Salad,220,Quinoa,290,Vegan Curry,300,Smoothie,200,Salad,220,Tofu Stir Fry,310,Lentils,280,Fruit Bowl,180,Smoothie,200
177,62,31,Female,Medium,Vegan,Dairy,Gain,Lentils,280,Salad,220,Vegan Curry,300,Tofu Stir Fry,310,Tofu Stir Fry,310,Salad,220,Quinoa,290,Millet Upma,260,Tofu Stir Fry,310,Quinoa,290,Fruit Bowl,180,Millet Upma,260,Lentils,280,Quinoa,290,Salad,220,Smoothie,200,Tofu Stir Fry,310,Lentils,280,Fruit Bowl,180,Fruit Bowl,180,Fruit Bowl,180
178,61,26,Male,Medium,Non-Veg,Gluten,Maintain,Paratha,320,Fish Fry,350,Eggs,270,Omelette,250,Paratha,320,Eggs,270,Chicken Curry,400,Paratha,320,Fish Fry,350,Eggs,270,Grilled Chicken,360,Brown Rice,300,Chicken Curry,400,Chicken Curry,400,Chicken Curry,400,Fish Fry,350,Fish Fry,350,Paratha,320,Omelette,250,Boiled Eggs,160,Paneer,330
182,100,44,Male,High,Non-Veg,Gluten,Loss,Paneer,330,Brown Rice,300,Eggs,270,Chicken Curry,400,Grilled Chicken,360,Eggs,270,Grilled Chicken,360,Boiled Eggs,160,Grilled Chicken,360,Eggs,270,Fish Fry,350,Boiled Eggs,160,Eggs,270,Omelette,250,Omelette,250,Chicken Curry,400,Brown Rice,300,Grilled Chicken,360,Eggs,270,Boiled Eggs,160,Brown Rice,300
170,80,20,Male,Medium,Veg,Gluten,Gain,Oats,250,Idli,200,Paneer Curry,350,Chappati,210,Rice,240,Poha,220,Dal,280,Rice,240,Oats,250,Vegetable Khichdi,320,Idli,200,Idli,200,Poha,220,Dal,280,Paneer Curry,350,Chappati,210,Upma,230,Poha,220,Vegetable Pulao,300,Chappati,210,Vegetable Khichdi,320
163,100,26,Female,High,Vegan,Gluten,Maintain,Fruit Bowl,180,Quinoa,290,Millet Upma,260,Vegan Curry,300,Vegan Curry,300,Millet Upma,260,Quinoa,290,Fruit Bowl,180,Fruit Bowl,180,Smoothie,200,Vegan Curry,300,Vegetable Stew,270,Salad,220,Salad,220,Vegan Curry,300,Tofu Stir Fry,310,Smoothie,200,Smoothie,200,Salad,220,Smoothie,200,Millet Upma,260
183,67,34,Male,High,Vegan,Dairy,Maintain,Fruit Bowl,180,Fruit Bowl,180,Salad,220,Quinoa,290,Quinoa,290,Lentils,280,Tofu Stir Fry,310,Fruit Bowl,180,Smoothie,200,Fruit Bowl,180,Salad,220,Smoothie,200,Lentils,280,Quinoa,290,Fruit Bowl,180,Salad,220,Tofu Stir Fry,310,Vegetable Stew,270,Millet Upma,260,Vegetable Stew,270,Quinoa,290
188,89,21,Male,Low,Veg,Nuts,Gain,Idli,200,Upma,230,Paneer Curry,350,Dal,280,Chappati,210,Vegetable Pulao,300,Idli,200,Upma,230,Vegetable Khichdi,320,Idli,200,Vegetable Pulao,300,Vegetable Khichdi,320,Chappati,210,Chappati,210,Idli,200,Poha,220,Vegetable Khichdi,320,Chappati,210,Upma,230,Chappati,210,Upma,230
179,57,49,Female,Low,Veg,None,Maintain,Vegetable Pulao,300,Poha,220,Idli,200,Vegetable Khichdi,320,Poha,220,Upma,230,Paneer Curry,350,Vegetable Pulao,300,Poha,220,Oats,250,Oats,250,Upma,230,Oats,250,Vegetable Khichdi,320,Rice,240,Paneer Curry,350,Idli,200,Vegetable Pulao,300,Vegetable Pulao,300,Vegetable Pulao,300,Vegetable Pulao,300
186,89,44,Female,High,Veg,Dairy,Gain,Paneer Curry,350,Chappati,210,Vegetable Khichdi,320,Oats,250,Rice,240,Vegetable Pulao,300,Oats,250,Dal,280,Vegetable Pulao,300,Upma,230,Upma,230,Poha,220,Oats,250,Oats,250,Upma,230,Chappati,210,Upma,230,Dal,280,Dal,280,Vegetable Khichdi,320,Dal,280
183,78,60,Male,Low,Non-Veg,Gluten,Gain,Paneer,330,Brown Rice,300,Boiled Eggs,160,Eggs,270,Chicken Curry,400,Paratha,320,Boiled Eggs,160,Grilled Chicken,360,Paratha,320,Paratha,320,Fish Fry,350,Brown Rice,300,Fish Fry,350,Paneer,330,Boiled Eggs,160,Chicken Curry,400,Omelette,250,Eggs,270,Paneer,330,Omelette,250,Paneer,330
174,65,27,Male,Medium,Non-Veg,Nuts,Loss,Chicken Curry,400,Paratha,320,Boiled Eggs,160,Eggs,270,Boiled Eggs,160,Fish Fry,350,Paneer,330,Grilled Chicken,360,Grilled Chicken,360,Paratha,320,Fish Fry,350,Boiled Eggs,160,Eggs,270,Boiled Eggs,160,Brown Rice,300,Eggs,270,Omelette,250,Boiled Eggs,160,Boiled Eggs,160,Chicken Curry,400,Omelette,250
171,92,50,Female,High,Vegan,None,Loss,Vegan Curry,300,Vegan Curry,300,Tofu Stir Fry,310,Tofu Stir Fry,310,Vegan Curry,300,Smoothie,200,Millet Upma,260,Lentils,280,Salad,220,Salad,220,Millet Upma,260,Millet Upma,260,Vegan Curry,300,Salad,220,Tofu Stir Fry,310,Fruit Bowl,180,Smoothie,200,Vegetable Stew,270,Smoothie,200,Salad,220,Lentils,280
190,95,36,Female,Medium,Non-Veg,Gluten,Gain,Boiled Eggs,160,Paneer,330,Brown Rice,300,Omelette,250,Fish Fry,350,Paratha,320,Paratha,320,Eggs,270,Grilled Chicken,360,Paratha,320,Grilled Chicken,360,Chicken Curry,400,Chicken Curry,400,Paratha,320,Paratha,320,Omelette,250,Eggs,270,Paneer,330,Chicken Curry,400,Eggs,270,Chicken Curry,400
175,91,40,Male,Medium,Non-Veg,Nuts,Maintain,Brown Rice,300,Brown Rice,300,Brown Rice,300,Brown Rice,300,Eggs,270,Eggs,270,Omelette,250,Brown Rice,300,Brown Rice,300,Boiled Eggs,160,Paneer,330,Fish Fry,350,Fish Fry,350,Boiled Eggs,160,Paratha,320,Grilled Chicken,360,Grilled Chicken,360,Grilled Chicken,360,Grilled Chicken,360,Eggs,270,Eggs,270
158,90,41,Male,High,Veg,Nuts,Maintain,Idli,200,Chappati,210,Poha,220,Chappati,210,Paneer Curry,350,Paneer Curry,350,Rice,240,Rice,240,Dal,280,Idli,200,Idli,200,Rice,240,Oats,250,Dal,280,Upma,230,Chappati,210,Dal,280,Vegetable Pulao,300,Vegetable Pulao,300,Chappati,210,Paneer Curry,350
178,92,28,Male,Medium,Non-Veg,Gluten,Maintain,Fish Fry,350,Paratha,320,Fish Fry,350,Chicken Curry,400,Chicken Curry,400,Fish Fry,350,Omelette,250,Brown Rice,300,Paneer,330,Paneer,330,Paratha,320,Chicken Curry,400,Grilled Chicken,360,Eggs,270,Brown Rice,300,Paratha,320,Brown Rice,300,Omelette,250,Brown Rice,300,Paratha,320,Chicken Curry,400
184,95,20,Female,Medium,Vegan,Nuts,Gain,Fruit Bowl,180,Smoothie,200,Tofu Stir Fry,310,Millet Upma,260,Vegetable Stew,270,Tofu Stir Fry,310,Tofu Stir Fry,310,Millet Upma,260,Smoothie,200,Smoothie,200,Smoothie,200,Tofu Stir Fry,310,Quinoa,290,Quinoa,290,Fruit Bowl,180,Lentils,280,Lentils,280,Millet Upma,260,Quinoa,290,Tofu Stir Fry,310,Tofu Stir Fry,310
151,74,23,Female,Low,Veg,Gluten,Gain,Vegetable Khichdi,320,Upma,230,Idli,200,Upma,230,Paneer Curry,350,Vegetable Pulao,300,Oats,250,Poha,220,Dal,280,Vegetable Pulao,300,Upma,230,Vegetable Khichdi,320,Vegetable Khichdi,320,Poha,220,Upma,230,Oats,250,Chappati,210,Rice,240,Idli,200,Oats,250,Oats,250
154,82,44,Male,High,Vegan,Nuts,Loss,Salad,220,Vegan Curry,300,Vegan Curry,300,Fruit Bowl,180,Lentils,280,Tofu Stir Fry,310,Millet Upma,260,Quinoa,290,Salad,220,Smoothie,200,Lentils,280,Lentils,280,Lentils,280,Fruit Bowl,180,Millet Upma,260,Lentils,280,Millet Upma,260,Smoothie,200,Vegan Curry,300,Salad,220,Fruit Bowl,180
189,64,38,Female,Medium,Veg,Dairy,Loss,Paneer Curry,350,Vegetable Pulao,300,Oats,250,Rice,240,Poha,220,Vegetable Khichdi,320,Paneer Curry,350,Dal,280,Paneer Curry,350,Vegetable Khichdi,320,Dal,280,Oats,250,Vegetable Khichdi,320,Rice,240,Rice,240,Oats,250,Poha,220,Chappati,210,Poha,220,Rice,240,Rice,240
187,89,59,Male,Low,Veg,Nuts,Loss,Idli,200,Poha,220,Idli,200,Dal,280,Vegetable Pulao,300,Vegetable Khichdi,320,Dal,280,Upma,230,Upma,230,Paneer Curry,350,Vegetable Khichdi,320,Paneer Curry,350,Oats,250,Rice,240,Idli,200,Idli,200,Dal,280,Paneer Curry,350,Paneer Curry,350,Chappati,210,Poha,220
176,74,22,Female,High,Vegan,Dairy,Maintain,Salad,220,Lentils,280,Vegetable Stew,270,Vegan Curry,300,Smoothie,200,Fruit Bowl,180,Salad,220,Salad,220,Vegetable Stew,270,Salad,220,Vegan Curry,300,Vegan Curry,300,Smoothie,200,Millet Upma,260,Millet Upma,260,Quinoa,290,Smoothie,200,Vegetable Stew,270,Salad,220,Fruit Bowl,180,Vegan Curry,300
185,69,20,Male,Medium,Veg,None,Gain,Rice,240,Idli,200,Dal,280,Dal,280,Rice,240,Upma,230,Vegetable Khichdi,320,Oats,250,Upma,230,Oats,250,Vegetable Khichdi,320,Poha,220,Vegetable Khichdi,320,Idli,200,Vegetable Khichdi,320,Paneer Curry,350,Rice,240,Idli,200,Upma,230,Dal,280,Poha,220
176,58,30,Female,Low,Vegan,Gluten,Gain,Lentils,280,Fruit Bowl,180,Smoothie,200,Smoothie,200,Vegan Curry,300,Lentils,280,Lentils,280,Vegan Curry,300,Fruit Bowl,180,Fruit Bowl,180,Vegetable Stew,270,Vegetable Stew,270,Vegetable Stew,270,Fruit Bowl,180,Smoothie,200,Vegan Curry,300,Lentils,280,Vegetable Stew,270,Vegetable Stew,270,Tofu Stir Fry,310,Quinoa,290
178,92,48,Female,High,Vegan,Gluten,Loss,Vegetable Stew,270,Salad,220,Millet Upma,260,Quinoa,290,Salad,220,Smoothie,200,Tofu Stir Fry,310,Millet Upma,260,Vegetable Stew,270,Vegetable Stew,270,Vegan Curry,300,Quinoa,290,Tofu Stir Fry,310,Smoothie,200,Fruit Bowl,180,Lentils,280,Fruit Bowl,180,Salad,220,Quinoa,290,Fruit Bowl,180,Tofu Stir Fry,310
175,95,48,Male,Low,Veg,None,Gain,Vegetable Khichdi,320,Rice,240,Vegetable Pulao,300,Paneer Curry,350,Poha,220,Rice,240,Oats,250,Idli,200,Idli,200,Idli,200,Upma,230,Dal,280,Dal,280,Idli,200,Chappati,210,Vegetable Khichdi,320,Vegetable Pulao,300,Dal,280,Paneer Curry,350,Paneer Curry,350,Idli,200
164,73,21,Male,Low,Vegan,None,Loss,Tofu Stir Fry,310,Smoothie,200,Tofu Stir Fry,310,Lentils,280,Fruit Bowl,180,Tofu Stir Fry,310,Fruit Bowl,180,Fruit Bowl,180,Millet Upma,260,Lentils,280,Millet Upma,260,Fruit Bowl,180,Tofu Stir Fry,310,Quinoa,290,Vegetable Stew,270,Salad,220,Smoothie,200,Fruit Bowl,180,Vegetable Stew,270,Quinoa,290,Smoothie,200
176,45,21,Female,Low,Non-Veg,Nuts,Loss,Boiled Eggs,160,Grilled Chicken,360,Brown Rice,300,Paratha,320,Eggs,270,Eggs,270,Boiled Eggs,160,Paneer,330,Brown Rice,300,Paratha,320,Fish Fry,350,Paratha,320,Chicken Curry,400,Chicken Curry,400,Paneer,330,Chicken Curry,400,Paneer,330,Eggs,270,Fish Fry,350,Omelette,250,Brown Rice,300
164,88,22,Female,Low,Non-Veg,Dairy,Gain,Eggs,270,Omelette,250,Fish Fry,350,Boiled Eggs,160,Paneer,330,Omelette,250,Brown Rice,300,Paratha,320,Omelette,250,Grilled Chicken,360,Paratha,320,Grilled Chicken,360,Paratha,320,Boiled Eggs,160,Fish Fry,350,Paneer,330,Eggs,270,Paneer,330,Omelette,250,Eggs,270,Eggs,270
181,96,26,Female,High,Veg,None,Gain,Chappati,210,Rice,240,Dal,280,Dal,280,Chappati,210,Poha,220,Oats,250,Upma,230,Poha,220,Oats,250,Poha,220,Dal,280,Rice,240,Chappati,210,Chappati,210,Idli,200,Chappati,210,Upma,230,Chappati,210,Vegetable Khichdi,320,Dal,280
176,66,53,Male,Low,Veg,None,Gain,Vegetable Pulao,300,Vegetable Pulao,300,Chappati,210,Chappati,210,Rice,240,Rice,240,Oats,250,Poha,220,Poha,220,Dal,280,Rice,240,Dal,280,Vegetable Khichdi,320,Poha,220,Vegetable Khichdi,320,Paneer Curry,350,Idli,200,Poha,220,Vegetable Pulao,300,Idli,200,Poha,220
165,81,43,Male,High,Non-Veg,None,Gain,Eggs,270,Boiled Eggs,160,Brown Rice,300,Boiled Eggs,160,Brown Rice,300,Omelette,250,Paneer,330,Omelette,250,Fish Fry,350,Omelette,250,Brown Rice,300,Paratha,320,Brown Rice,300,Chicken Curry,400,Boiled Eggs,160,Grilled Chicken,360,Omelette,250,Paratha,320,Fish Fry,350,Paneer,330,Brown Rice,300
170,77,18,Female,Low,Veg,Dairy,Maintain,Vegetable Khichdi,320,Oats,250,Idli,200,Idli,200,Paneer Curry,350,Idli,200,Upma,230,Vegetable Pulao,300,Chappati,210,Chappati,210,Poha,220,Vegetable Pulao,300,Poha,220,Chappati,210,Vegetable Pulao,300,Poha,220,Chappati,210,Dal,280,Vegetable Khichdi,320,Vegetable Khichdi,320,Poha,220
152,92,26,Male,Medium,Veg,Gluten,Maintain,Poha,220,Vegetable Khichdi,320,Dal,280,Oats,250,Oats,250,Rice,240,Vegetable Khichdi,320,Oats,250,Idli,200,Chappati,210,Rice,240,Poha,220,Poha,220,Vegetable Khichdi,320,Vegetable Pulao,300,Oats,250,Chappati,210,Idli,200,Paneer Curry,350,Chappati,210,Vegetable Pulao,300
180,60,60,Male,High,Vegan,Nuts,Gain,Fruit Bowl,180,Quinoa,290,Vegan Curry,300,Tofu Stir Fry,310,Millet Upma,260,Tofu Stir Fry,310,Millet Upma,260,Vegetable Stew,270,Lentils,280,Fruit Bowl,180,Smoothie,200,Vegan Curry,300,Vegetable Stew,270,Vegetable Stew,270,Vegetable Stew,270,Fruit Bowl,180,Lentils,280,Fruit Bowl,180,Tofu Stir Fry,310,Vegan Curry,300,Vegan Curry,300
188,50,56,Female,Low,Veg,Nuts,Loss,Poha,220,Paneer Curry,350,Oats,250,Upma,230,Rice,240,Dal,280,Poha,220,Vegetable Pulao,300,Idli,200,Upma,230,Rice,240,Chappati,210,Rice,240,Poha,220,Rice,240,Poha,220,Vegetable Pulao,300,Vegetable Pulao,300,Poha,220,Chappati,210,Upma,230
153,62,50,Male,High,Veg,None,Maintain,Chappati,210,Vegetable Pulao,300,Rice,240,Oats,250,Poha,220,Idli,200,Poha,220,Vegetable Pulao,300,Chappati,210,Oats,250,Rice,240,Rice,240,Vegetable Pulao,300,Idli,200,Paneer Curry,350,Upma,230,Idli,200,Poha,220,Oats,250,Idli,200,Paneer Curry,350
175,87,21,Female,Low,Vegan,Gluten,Loss,Fruit Bowl,180,Fruit Bowl,180,Fruit Bowl,180,Millet Upma,260,Smoothie,200,Lentils,280,Vegetable Stew,270,Lentils,280,Quinoa,290,Vegan Curry,300,Fruit Bowl,180,Quinoa,290,Quinoa,290,Vegan Curry,300,Lentils,280,Smoothie,200,Quinoa,290,Salad,220,Smoothie,200,Fruit Bowl,180,Tofu Stir Fry,310
163,47,19,Female,Medium,Non-Veg,Dairy,Gain,Paratha,320,Paratha,320,Paratha,320,Eggs,270,Paratha,320,Omelette,250,Paneer,330,Eggs,270,Fish Fry,350,Eggs,270,Eggs,270,Chicken Curry,400,Paneer,330,Eggs,270,Boiled Eggs,160,Boiled Eggs,160,Paneer,330,Fish Fry,350,Paneer,330,Brown Rice,300,Chicken Curry,400
153,87,44,Female,Low,Veg,Gluten,Loss,Paneer Curry,350,Rice,240,Poha,220,Upma,230,Poha,220,Dal,280,Poha,220,Chappati,210,Idli,200,Paneer Curry,350,Upma,230,Paneer Curry,350,Poha,220,Vegetable Khichdi,320,Idli,200,Paneer Curry,350,Vegetable Pulao,300,Oats,250,Vegetable Pulao,300,Upma,230,Dal,280
174,54,36,Female,Medium,Non-Veg,Nuts,Gain,Omelette,250,Paratha,320,Paneer,330,Boiled Eggs,160,Brown Rice,300,Chicken Curry,400,Chicken Curry,400,Brown Rice,300,Fish Fry,350,Omelette,250,Paneer,330,Chicken Curry,400,Paratha,320,Brown Rice,300,Eggs,270,Eggs,270,Paratha,320,Paneer,330,Eggs,270,Chicken Curry,400,Omelette,250
158,52,44,Male,Low,Veg,Gluten,Loss,Vegetable Khichdi,320,Paneer Curry,350,Poha,220,Chappati,210,Vegetable Pulao,300,Dal,280,Idli,200,Vegetable Pulao,300,Rice,240,Vegetable Khichdi,320,Rice,240,Vegetable Pulao,300,Idli,200,Idli,200,Idli,200,Vegetable Khichdi,320,Vegetable Khichdi,320,Upma,230,Rice,240,Upma,230,Poha,220
177,60,59,Female,Low,Non-Veg,Nuts,Loss,Grilled Chicken,360,Eggs,270,Eggs,270,Boiled Eggs,160,Omelette,250,Eggs,270,Paratha,320,Grilled Chicken,360,Paratha,320,Brown Rice,300,Grilled Chicken,360,Omelette,250,Omelette,250,Grilled Chicken,360,Eggs,270,Grilled Chicken,360,Paneer,330,Paneer,330,Brown Rice,300,Chicken Curry,400,Paneer,330
168,49,20,Female,High,Vegan,Gluten,Loss,Tofu Stir Fry,310,Vegan Curry,300,Quinoa,290,Vegan Curry,300,Vegetable Stew,270,Tofu Stir Fry,310,Lentils,280,Vegan Curry,300,Lentils,280,Quinoa,290,Salad,220,Tofu Stir Fry,310,Vegetable Stew,270,Fruit Bowl,180,Vegetable Stew,270,Quinoa,290,Tofu Stir Fry,310,Tofu Stir Fry,310,Smoothie,200,Vegan Curry,300,Vegan Curry,300
160,77,21,Male,Medium,Non-Veg,None,Loss,Omelette,250,Brown Rice,300,Fish Fry,350,Boiled Eggs,160,Chicken Curry,400,Brown Rice,300,Brown Rice,300,Chicken Curry,400,Brown Rice,300,Boiled Eggs,160,Boiled Eggs,160,Eggs,270,Grilled Chicken,360,Omelette,250,Brown Rice,300,Fish Fry,350,Omelette,250,Paneer,330,Omelette,250,Boiled Eggs,160,Brown Rice,300
152,55,42,Female,Medium,Non-Veg,Gluten,Loss,Fish Fry,350,Grilled Chicken,360,Grilled Chicken,360,Brown Rice,300,Boiled Eggs,160,Brown Rice,300,Brown Rice,300,Brown Rice,300,Grilled Chicken,360,Brown Rice,300,Paneer,330,Grilled Chicken,360,Chicken Curry,400,Omelette,250,Omelette,250,Brown Rice,300,Fish Fry,350,Boiled Eggs,160,Eggs,270,Grilled Chicken,360,Chicken Curry,400
171,80,33,Female,Medium,Vegan,Nuts,Maintain,Lentils,280,Tofu Stir Fry,310,Tofu Stir Fry,310,Vegetable Stew,270,Fruit Bowl,180,Vegetable Stew,270,Lentils,280,Vegan Curry,300,Quinoa,290,Smoothie,200,Fruit Bowl,180,Tofu Stir Fry,310,Vegan Curry,300,Fruit Bowl,180,Smoothie,200,Smoothie,200,Millet Upma,260,Lentils,280,Salad,220,Vegetable Stew,270,Lentils,280
151,65,20,Female,High,Veg,Dairy,Gain,Chappati,210,Vegetable Pulao,300,Paneer Curry,350,Idli,200,Upma,230,Vegetable Pulao,300,Oats,250,Vegetable Pulao,300,Dal,280,Poha,220,Chappati,210,Vegetable Pulao,300,Dal,280,Vegetable Pulao,300,Vegetable Pulao,300,Oats,250,Paneer Curry,350,Chappati,210,Poha,220,Chappati,210,Vegetable Khichdi,320
175,71,31,Female,High,Veg,Gluten,Loss,Oats,250,Vegetable Pulao,300,Chappati,210,Vegetable Pulao,300,Oats,250,Vegetable Khichdi,320,Oats,250,Idli,200,Chappati,210,Upma,230,Poha,220,Idli,200,Poha,220,Rice,240,Dal,280,Chappati,210,Poha,220,Vegetable Khichdi,320,Poha,220,Dal,280,Idli,200
154,63,55,Male,Medium,Veg,Dairy,Maintain,Poha,220,Vegetable Khichdi,320,Dal,280,Dal,280,Rice,240,Upma,230,Upma,230,Poha,220,Oats,250,Paneer Curry,350,Chappati,210,Idli,200,Upma,230,Paneer Curry,350,Rice,240,Dal,280,Dal,280,Rice,240,Idli,200,Upma,230,Upma,230
162,61,46,Male,Medium,Non-Veg,None,Maintain,Boiled Eggs,160,Omelette,250,Chicken Curry,400,Fish Fry,350,Paratha,320,Paratha,320,Paneer,330,Chicken Curry,400,Eggs,270,Boiled Eggs,160,Fish Fry,350,Omelette,250,Boiled Eggs,160,Fish Fry,350,Omelette,250,Paneer,330,Brown Rice,300,Eggs,270,Paratha,320,Brown Rice,300,Omelette,250
154,68,19,Female,Medium,Veg,Gluten,Gain,Rice,240,Idli,200,Vegetable Pulao,300,Dal,280,Oats,250,Upma,230,Rice,240,Vegetable Pulao,300,Dal,280,Rice,240,Poha,220,Upma,230,Oats,250,Chappati,210,Rice,240,Oats,250,Paneer Curry,350,Vegetable Khichdi,320,Rice,240,Rice,240,Upma,230
161,87,47,Female,Medium,Non-Veg,Nuts,Maintain,Fish Fry,350,Fish Fry,350,Eggs,270,Chicken Curry,400,Paneer,330,Chicken Curry,400,Paratha,320,Paneer,330,Chicken Curry,400,Paneer,330,Grilled Chicken,360,Paneer,330,Boiled Eggs,160,Paneer,330,Brown Rice,300,Omelette,250,Grilled Chicken,360,Fish Fry,350,Boiled Eggs,160,Omelette,250,Paneer,330
154,86,35,Female,Medium,Veg,Nuts,Maintain,Oats,250,Rice,240,Chappati,210,Dal,280,Chappati,210,Chappati,210,Vegetable Khichdi,320,Upma,230,Rice,240,Poha,220,Vegetable Pulao,300,Dal,280,Vegetable Pulao,300,Poha,220,Paneer Curry,350,Rice,240,Upma,230,Rice,240,Idli,200,Idli,200,Dal,280
170,79,23,Female,Medium,Veg,None,Loss,Rice,240,Upma,230,Vegetable Pulao,300,Idli,200,Vegetable Khichdi,320,Poha,220,Poha,220,Chappati,210,Idli,200,Idli,200,Vegetable Pulao,300,Upma,230,Vegetable Khichdi,320,Rice,240,Paneer Curry,350,Vegetable Pulao,300,Poha,220,Oats,250,Vegetable Khichdi,320,Vegetable Pulao,300,Paneer Curry,350
151,57,48,Female,Medium,Vegan,Dairy,Maintain,Vegetable Stew,270,Fruit Bowl,180,Lentils,280,Vegetable Stew,270,Fruit Bowl,180,Vegetable Stew,270,Smoothie,200,Millet Upma,260,Tofu Stir Fry,310,Quinoa,290,Vegan Curry,300,Smoothie,200,Fruit Bowl,180,Vegan Curry,300,Vegetable Stew,270,Vegetable Stew,270,Quinoa,290,Vegetable Stew,270,Millet Upma,260,Fruit Bowl,180,Smoothie,200
172,58,53,Female,High,Veg,Dairy,Loss,Rice,240,Poha,220,Idli,200,Chappati,210,Vegetable Pulao,300,Rice,240,Chappati,210,Vegetable Khichdi,320,Vegetable Pulao,300,Poha,220,Vegetable Pulao,300,Vegetable Khichdi,320,Dal,280,Rice,240,Vegetable Khichdi,320,Chappati,210,Chappati,210,Upma,230,Upma,230,Poha,220,Paneer Curry,350
164,51,18,Female,Low,Veg,Nuts,Gain,Chappati,210,Chappati,210,Poha,220,Idli,200,Rice,240,Paneer Curry,350,Chappati,210,Vegetable Khichdi,320,Vegetable Khichdi,320,Vegetable Pulao,300,Rice,240,Idli,200,Oats,250,Dal,280,Upma,230,Idli,200,Vegetable Pulao,300,Poha,220,Rice,240,Upma,230,Vegetable Pulao,300
170,72,51,Male,Low,Vegan,Nuts,Maintain,Millet Upma,260,Millet Upma,260,Lentils,280,Salad,220,Smoothie,200,Millet Upma,260,Millet Upma,260,Millet Upma,260,Vegan Curry,300,Fruit Bowl,180,Smoothie,200,Fruit Bowl,180,Tofu Stir Fry,310,Quinoa,290,Vegetable Stew,270,Fruit Bowl,180,Vegan Curry,300,Fruit Bowl,180,Salad,220,Quinoa,290,Smoothie,200
181,81,30,Female,Medium,Veg,Nuts,Loss,Vegetable Pulao,300,Poha,220,Chappati,210,Idli,200,Vegetable Pulao,300,Upma,230,Rice,240,Oats,250,Poha,220,Upma,230,Idli,200,Rice,240,Rice,240,Vegetable Pulao,300,Paneer Curry,350,Oats,250,Dal,280,Idli,200,Vegetable Khichdi,320,Paneer Curry,350,Poha,220
169,75,23,Male,High,Vegan,Gluten,Loss,Tofu Stir Fry,310,Vegetable Stew,270,Salad,220,Millet Upma,260,Vegetable Stew,270,Vegan Curry,300,Salad,220,Smoothie,200,Quinoa,290,Tofu Stir Fry,310,Millet Upma,260,Fruit Bowl,180,Millet Upma,260,Vegan Curry,300,Vegan Curry,300,Smoothie,200,Lentils,280,Lentils,280,Tofu Stir Fry,310,Fruit Bowl,180,Tofu Stir Fry,310
181,55,22,Female,Medium,Non-Veg,Gluten,Maintain,Paneer,330,Chicken Curry,400,Brown Rice,300,Boiled Eggs,160,Omelette,250,Brown Rice,300,Paratha,320,Eggs,270,Fish Fry,350,Paratha,320,Brown Rice,300,Eggs,270,Paratha,320,Eggs,270,Grilled Chicken,360,Paneer,330,Chicken Curry,400,Eggs,270,Brown Rice,300,Grilled Chicken,360,Fish Fry,350
163,49,36,Male,High,Non-Veg,Nuts,Gain,Omelette,250,Chicken Curry,400,Omelette,250,Boiled Eggs,160,Chicken Curry,400,Brown Rice,300,Fish Fry,350,Fish Fry,350,Boiled Eggs,160,Grilled Chicken,360,Paneer,330,Grilled Chicken,360,Boiled Eggs,160,Paneer,330,Brown Rice,300,Brown Rice,300,Omelette,250,Omelette,250,Grilled Chicken,360,Boiled Eggs,160,Omelette,250
150,93,32,Male,Medium,Non-Veg,None,Maintain,Eggs,270,Omelette,250,Paneer,330,Fish Fry,350,Brown Rice,300,Fish Fry,350,Chicken Curry,400,Fish Fry,350,Grilled Chicken,360,Grilled Chicken,360,Eggs,270,Fish Fry,350,Omelette,250,Omelette,250,Boiled Eggs,160,Fish Fry,350,Brown Rice,300,Boiled Eggs,160,Brown Rice,300,Fish Fry,350,Grilled Chicken,360
176,61,46,Female,High,Non-Veg,None,Maintain,Omelette,250,Brown Rice,300,Paratha,320,Paratha,320,Eggs,270,Brown Rice,300,Omelette,250,Eggs,270,Paneer,330,Grilled Chicken,360,Eggs,270,Omelette,250,Boiled Eggs,160,Brown Rice,300,Fish Fry,350,Grilled Chicken,360,Paratha,320,Paneer,330,Brown Rice,300,Brown Rice,300,Chicken Curry,400
168,89,55,Male,Low,Veg,None,Loss,Oats,250,Vegetable Khichdi,320,Chappati,210,Idli,200,Paneer Curry,350,Upma,230,Upma,230,Vegetable Pulao,300,Chappati,210,Upma,230,Chappati,210,Chappati,210,Rice,240,Idli,200,Poha,220,Dal,280,Chappati,210,Oats,250,Upma,230,Vegetable Khichdi,320,Upma,230
184,90,60,Female,Medium,Non-Veg,Gluten,Gain,Grilled Chicken,360,Eggs,270,Grilled Chicken,360,Omelette,250,Grilled Chicken,360,Chicken Curry,400,Boiled Eggs,160,Boiled Eggs,160,Grilled Chicken,360,Brown Rice,300,Paneer,330,Omelette,250,Grilled Chicken,360,Boiled Eggs,160,Brown Rice,300,Brown Rice,300,Paneer,330,Eggs,270,Omelette,250,Brown Rice,300,Paratha,320
158,64,22,Male,Medium,Veg,Nuts,Loss,Chappati,210,Rice,240,Upma,230,Oats,250,Rice,240,Idli,200,Dal,280,Chappati,210,Oats,250,Chappati,210,Dal,280,Rice,240,Paneer Curry,350,Dal,280,Upma,230,Vegetable Pulao,300,Paneer Curry,350,Poha,220,Idli,200,Idli,200,Paneer Curry,350
186,61,52,Female,Medium,Veg,Nuts,Gain,Vegetable Khichdi,320,Dal,280,Paneer Curry,350,Chappati,210,Dal,280,Paneer Curry,350,Rice,240,Paneer Curry,350,Poha,220,Vegetable Khichdi,320,Upma,230,Dal,280,Rice,240,Paneer Curry,350,Chappati,210,Idli,200,Paneer Curry,350,Poha,220,Vegetable Pulao,300,Rice,240,Paneer Curry,350
166,45,35,Male,Low,Veg,None,Loss,Rice,240,Chappati,210,Dal,280,Upma,230,Vegetable Khichdi,320,Oats,250,Upma,230,Dal,280,Rice,240,Paneer Curry,350,Dal,280,Idli,200,Chappati,210,Chappati,210,Dal,280,Poha,220,Chappati,210,Vegetable Pulao,300,Chappati,210,Poha,220,Vegetable Khichdi,320
159,95,48,Female,Medium,Vegan,Dairy,Loss,Tofu Stir Fry,310,Salad,220,Salad,220,Fruit Bowl,180,Tofu Stir Fry,310,Salad,220,Millet Upma,260,Vegetable Stew,270,Millet Upma,260,Vegetable Stew,270,Millet Upma,260,Quinoa,290,Vegetable Stew,270,Fruit Bowl,180,Vegan Curry,300,Smoothie,200,Tofu Stir Fry,310,Vegan Curry,300,Millet Upma,260,Vegetable Stew,270,Tofu Stir Fry,310
162,96,30,Female,High,Non-Veg,Nuts,Maintain,Brown Rice,300,Fish Fry,350,Fish Fry,350,Omelette,250,Grilled Chicken,360,Paneer,330,Paratha,320,Eggs,270,Boiled Eggs,160,Grilled Chicken,360,Fish Fry,350,Boiled Eggs,160,Chicken Curry,400,Brown Rice,300,Omelette,250,Boiled Eggs,160,Eggs,270,Brown Rice,300,Boiled Eggs,160,Brown Rice,300,Paratha,320
156,62,28,Female,High,Vegan,Dairy,Maintain,Quinoa,290,Salad,220,Fruit Bowl,180,Salad,220,Smoothie,200,Tofu Stir Fry,310,Tofu Stir Fry,310,Vegan Curry,300,Quinoa,290,Quinoa,290,Vegetable Stew,270,Millet Upma,260,Millet Upma,260,Fruit Bowl,180,Vegetable Stew,270,Smoothie,200,Vegan Curry,300,Tofu Stir Fry,310,Millet Upma,260,Tofu Stir Fry,310,Millet Upma,260
187,45,30,Female,High,Non-Veg,Gluten,Loss,Chicken Curry,400,Paratha,320,Eggs,270,Grilled Chicken,360,Boiled Eggs,160,Fish Fry,350,Omelette,250,Chicken Curry,400,Boiled Eggs,160,Grilled Chicken,360,Paratha,320,Brown Rice,300,Boiled Eggs,160,Brown Rice,300,Paneer,330,Grilled Chicken,360,Boiled Eggs,160,Chicken Curry,400,Brown Rice,300,Paneer,330,Boiled Eggs,160
163,73,18,Male,High,Veg,Dairy,Maintain,Rice,240,Rice,240,Rice,240,Vegetable Pulao,300,Upma,230,Upma,230,Idli,200,Vegetable Pulao,300,Rice,240,Chappati,210,Vegetable Pulao,300,Chappati,210,Vegetable Pulao,300,Rice,240,Vegetable Khichdi,320,Poha,220,Oats,250,Oats,250,Vegetable Pulao,300,Rice,240,Vegetable Khichdi,320
170,58,55,Male,High,Vegan,Dairy,Gain,Quinoa,290,Vegetable Stew,270,Fruit Bowl,180,Vegetable Stew,270,Tofu Stir Fry,310,Smoothie,200,Lentils,280,Fruit Bowl,180,Salad,220,Tofu Stir Fry,310,Vegetable Stew,270,Smoothie,200,Millet Upma,260,Quinoa,290,Millet Upma,260,Salad,220,Lentils,280,Quinoa,290,Millet Upma,260,Tofu Stir Fry,310,Fruit Bowl,180
164,72,54,Female,Low,Vegan,Gluten,Maintain,Smoothie,200,Smoothie,200,Vegetable Stew,270,Vegetable Stew,270,Lentils,280,Salad,220,Millet Upma,260,Tofu Stir Fry,310,Fruit Bowl,180,Quinoa,290,Smoothie,200,Fruit Bowl,180,Fruit Bowl,180,Fruit Bowl,180,Salad,220,Vegan Curry,300,Vegetable Stew,270,Smoothie,200,Vegetable Stew,270,Vegetable Stew,270,Vegan Curry,300
168,62,37,Female,High,Non-Veg,Gluten,Maintain,Eggs,270,Paratha,320,Fish Fry,350,Fish Fry,350,Paratha,320,Brown Rice,300,Chicken Curry,400,Paratha,320,Chicken Curry,400,Omelette,250,Paratha,320,Boiled Eggs,160,Boiled Eggs,160,Chicken Curry,400,Boiled Eggs,160,Paratha,320,Paneer,330,Omelette,250,Grilled Chicken,360,Paratha,320,Brown Rice,300
176,58,38,Male,Low,Non-Veg,Gluten,Loss,Grilled Chicken,360,Paneer,330,Brown Rice,300,Chicken Curry,400,Grilled Chicken,360,Paratha,320,Paratha,320,Boiled Eggs,160,Paratha,320,Paneer,330,Boiled Eggs,160,Fish Fry,350,Fish Fry,350,Fish Fry,350,Brown Rice,300,Grilled Chicken,360,Paratha,320,Fish Fry,350,Eggs,270,Paneer,330,Omelette,250
164,92,21,Male,Low,Vegan,Dairy,Loss,Smoothie,200,Tofu Stir Fry,310,Millet Upma,260,Quinoa,290,Salad,220,Tofu Stir Fry,310,Vegan Curry,300,Smoothie,200,Tofu Stir Fry,310,Quinoa,290,Vegetable Stew,270,Vegan Curry,300,Lentils,280,Quinoa,290,Salad,220,Quinoa,290,Salad,220,Fruit Bowl,180,Lentils,280,Lentils,280,Salad,220
175,92,60,Female,Low,Vegan,Dairy,Loss,Lentils,280,Salad,220,Quinoa,290,Lentils,280,Tofu Stir Fry,310,Vegan Curry,300,Millet Upma,260,Vegan Curry,300,Salad,220,Smoothie,200,Quinoa,290,Lentils,280,Vegetable Stew,270,Lentils,280,Fruit Bowl,180,Smoothie,200,Fruit Bowl,180,Millet Upma,260,Millet Upma,260,Lentils,280,Smoothie,200
151,66,39,Male,High,Non-Veg,Gluten,Maintain,Fish Fry,350,Paratha,320,Fish Fry,350,Omelette,250,Omelette,250,Brown Rice,300,Omelette,250,Omelette,250,Grilled Chicken,360,Omelette,250,Chicken Curry,400,Boiled Eggs,160,Paratha,320,Grilled Chicken,360,Brown Rice,300,Omelette,250,Paneer,330,Fish Fry,350,Fish Fry,350,Eggs,270,Boiled Eggs,160
164,92,42,Male,High,Vegan,Gluten,Maintain,Salad,220,Lentils,280,Fruit Bowl,180,Fruit Bowl,180,Salad,220,Fruit Bowl,180,Lentils,280,Salad,220,Vegetable Stew,270,Salad,220,Salad,220,Fruit Bowl,180,Fruit Bowl,180,Quinoa,290,Smoothie,200,Smoothie,200,Vegetable Stew,270,Quinoa,290,Salad,220,Vegan Curry,300,Quinoa,290
188,76,25,Male,High,Vegan,Gluten,Gain,Millet Upma,260,Vegetable Stew,270,Millet Upma,260,Tofu Stir Fry,310,Vegan Curry,300,Vegan Curry,300,Fruit Bowl,180,Millet Upma,260,Vegetable Stew,270,Fruit Bowl,180,Vegan Curry,300,Salad,220,Salad,220,Smoothie,200,Millet Upma,260,Vegan Curry,300,Millet Upma,260,Millet Upma,260,Millet Upma,260,Millet Upma,260,Quinoa,290
159,71,19,Female,Medium,Non-Veg,Gluten,Gain,Boiled Eggs,160,Paneer,330,Paratha,320,Chicken Curry,400,Omelette,250,Eggs,270,Chicken Curry,400,Omelette,250,Fish Fry,350,Chicken Curry,400,Omelette,250,Paratha,320,Paratha,320,Fish Fry,350,Fish Fry,350,Chicken Curry,400,Chicken Curry,400,Grilled Chicken,360,Paratha,320,Brown Rice,300,Chicken Curry,400
173,87,38,Male,Low,Veg,Dairy,Maintain,Idli,200,Upma,230,Oats,250,Vegetable Khichdi,320,Oats,250,Upma,230,Oats,250,Oats,250,Idli,200,Chappati,210,Upma,230,Vegetable Khichdi,320,Rice,240,Vegetable Khichdi,320,Chappati,210,Poha,220,Paneer Curry,350,Paneer Curry,350,Chappati,210,Chappati,210,Chappati,210
155,52,25,Female,High,Veg,None,Maintain,Vegetable Pulao,300,Oats,250,Rice,240,Idli,200,Dal,280,Idli,200,Dal,280,Vegetable Khichdi,320,Poha,220,Upma,230,Vegetable Khichdi,320,Upma,230,Chappati,210,Rice,240,Dal,280,Vegetable Khichdi,320,Dal,280,Paneer Curry,350,Oats,250,Dal,280,Dal,280
185,57,54,Male,Low,Non-Veg,Nuts,Gain,Chicken Curry,400,Eggs,270,Omelette,250,Eggs,270,Grilled Chicken,360,Paratha,320,Paratha,320,Omelette,250,Paneer,330,Paratha,320,Paratha,320,Eggs,270,Grilled Chicken,360,Boiled Eggs,160,Brown Rice,300,Brown Rice,300,Chicken Curry,400,Chicken Curry,400,Chicken Curry,400,Chicken Curry,400,Eggs,270
188,50,23,Female,Low,Non-Veg,Gluten,Loss,Paneer,330,Eggs,270,Paneer,330,Grilled Chicken,360,Brown Rice,300,Omelette,250,Grilled Chicken,360,Paneer,330,Grilled Chicken,360,Grilled Chicken,360,Brown Rice,300,Fish Fry,350,Fish Fry,350,Boiled Eggs,160,Boiled Eggs,160,Omelette,250,Omelette,250,Chicken Curry,400,Grilled Chicken,360,Paneer,330,Paneer,330
171,53,59,Female,Low,Non-Veg,Dairy,Loss,Omelette,250,Paratha,320,Grilled Chicken,360,Eggs,270,Omelette,250,Eggs,270,Paratha,320,Paratha,320,Paneer,330,Eggs,270,Fish Fry,350,Chicken Curry,400,Fish Fry,350,Brown Rice,300,Boiled Eggs,160,Paneer,330,Paneer,330,Eggs,270,Brown Rice,300,Grilled Chicken,360,Eggs,270
167,55,47,Female,High,Vegan,Nuts,Gain,Salad,220,Smoothie,200,Smoothie,200,Millet Upma,260,Lentils,280,Vegetable Stew,270,Smoothie,200,Quinoa,290,Fruit Bowl,180,Millet Upma,260,Smoothie,200,Salad,220,Millet Upma,260,Fruit Bowl,180,Millet Upma,260,Tofu Stir Fry,310,Millet Upma,260,Lentils,280,Vegan Curry,300,Quinoa,290,Millet Upma,260
184,92,41,Female,Medium,Non-Veg,Gluten,Maintain,Paratha,320,Omelette,250,Eggs,270,Paneer,330,Eggs,270,Brown Rice,300,Fish Fry,350,Paneer,330,Paneer,330,Grilled Chicken,360,Brown Rice,300,Omelette,250,Boiled Eggs,160,Eggs,270,Paneer,330,Paneer,330,Boiled Eggs,160,Fish Fry,350,Chicken Curry,400,Paratha,320,Fish Fry,350
178,74,32,Female,Low,Veg,Nuts,Loss,Poha,220,Poha,220,Upma,230,Poha,220,Vegetable Pulao,300,Paneer Curry,350,Idli,200,Rice,240,Upma,230,Dal,280,Oats,250,Poha,220,Rice,240,Poha,220,Oats,250,Poha,220,Poha,220,Paneer Curry,350,Chappati,210,Vegetable Pulao,300,Poha,220
186,51,35,Female,Low,Non-Veg,Dairy,Gain,Chicken Curry,400,Eggs,270,Paneer,330,Grilled Chicken,360,Omelette,250,Fish Fry,350,Paratha,320,Paneer,330,Grilled Chicken,360,Omelette,250,Brown Rice,300,Eggs,270,Chicken Curry,400,Paratha,320,Brown Rice,300,Omelette,250,Boiled Eggs,160,Chicken Curry,400,Fish Fry,350,Omelette,250,Fish Fry,350
172,89,37,Female,Medium,Veg,Nuts,Gain,Dal,280,Dal,280,Vegetable Khichdi,320,Dal,280,Dal,280,Chappati,210,Vegetable Khichdi,320,Chappati,210,Vegetable Khichdi,320,Upma,230,Chappati,210,Paneer Curry,350,Vegetable Khichdi,320,Dal,280,Chappati,210,Vegetable Khichdi,320,Upma,230,Dal,280,Vegetable Pulao,300,Dal,280,Poha,220
151,97,43,Female,Low,Non-Veg,None,Gain,Boiled Eggs,160,Fish Fry,350,Brown Rice,300,Grilled Chicken,360,Grilled Chicken,360,Chicken Curry,400,Fish Fry,350,Paneer,330,Boiled Eggs,160,Eggs,270,Paneer,330,Fish Fry,350,Chicken Curry,400,Brown Rice,300,Omelette,250,Chicken Curry,400,Omelette,250,Grilled Chicken,360,Paneer,330,Omelette,250,Brown Rice,300
171,47,24,Female,High,Vegan,Gluten,Loss,Smoothie,200,Smoothie,200,Smoothie,200,Quinoa,290,Salad,220,Quinoa,290,Quinoa,290,Lentils,280,Lentils,280,Lentils,280,Quinoa,290,Millet Upma,260,Tofu Stir Fry,310,Vegetable Stew,270,Vegetable Stew,270,Vegetable Stew,270,Salad,220,Vegetable Stew,270,Millet Upma,260,Smoothie,200,Lentils,280
176,59,26,Male,Medium,Veg,Dairy,Gain,Poha,220,Chappati,210,Upma,230,Rice,240,Vegetable Khichdi,320,Dal,280,Vegetable Pulao,300,Dal,280,Vegetable Khichdi,320,Oats,250,Idli,200,Vegetable Khichdi,320,Vegetable Pulao,300,Idli,200,Rice,240,Upma,230,Oats,250,Upma,230,Idli,200,Chappati,210,Dal,280
177,93,22,Female,High,Non-Veg,Gluten,Gain,Boiled Eggs,160,Boiled Eggs,160,Eggs,270,Omelette,250,Omelette,250,Chicken Curry,400,Paratha,320,Eggs,270,Brown Rice,300,Grilled Chicken,360,Boiled Eggs,160,Eggs,270,Brown Rice,300,Grilled Chicken,360,Brown Rice,300,Brown Rice,300,Fish Fry,350,Brown Rice,300,Eggs,270,Paneer,330,Eggs,270
171,73,56,Female,Medium,Vegan,Dairy,Loss,Quinoa,290,Vegan Curry,300,Vegan Curry,300,Vegetable Stew,270,Vegan Curry,300,Lentils,280,Salad,220,Salad,220,Millet Upma,260,Quinoa,290,Lentils,280,Vegan Curry,300,Smoothie,200,Millet Upma,260,Tofu Stir Fry,310,Salad,220,Millet Upma,260,Lentils,280,Millet Upma,260,Fruit Bowl,180,Fruit Bowl,180
180,82,35,Male,High,Veg,None,Loss,Rice,240,Vegetable Pulao,300,Paneer Curry,350,Dal,280,Idli,200,Poha,220,Chappati,210,Dal,280,Oats,250,Poha,220,Idli,200,Poha,220,Poha,220,Paneer Curry,350,Idli,200,Oats,250,Paneer Curry,350,Idli,200,Paneer Curry,350,Dal,280,Dal,280
164,58,29,Female,Low,Non-Veg,Nuts,Loss,Grilled Chicken,360,Omelette,250,Omelette,250,Eggs,270,Eggs,270,Brown Rice,300,Paratha,320,Brown Rice,300,Boiled Eggs,160,Boiled Eggs,160,Fish Fry,350,Grilled Chicken,360,Paratha,320,Boiled Eggs,160,Fish Fry,350,Paratha,320,Paneer,330,Fish Fry,350,Boiled Eggs,160,Chicken Curry,400,Chicken Curry,400
153,54,47,Male,High,Veg,Dairy,Maintain,Idli,200,Vegetable Khichdi,320,Vegetable Khichdi,320,Idli,200,Idli,200,Idli,200,Oats,250,Poha,220,Poha,220,Poha,220,Dal,280,Upma,230,Vegetable Khichdi,320,Dal,280,Rice,240,Idli,200,Chappati,210,Idli,200,Vegetable Khichdi,320,Chappati,210,Idli,200
173,62,49,Male,Medium,Vegan,None,Loss,Millet Upma,260,Vegetable Stew,270,Vegan Curry,300,Tofu Stir Fry,310,Quinoa,290,Lentils,280,Quinoa,290,Vegetable Stew,270,Salad,220,Quinoa,290,Smoothie,200,Salad,220,Vegan Curry,300,Vegetable Stew,270,Millet Upma,260,Smoothie,200,Fruit Bowl,180,Fruit Bowl,180,Lentils,280,Salad,220,Salad,220
179,96,23,Male,Medium,Veg,Gluten,Gain,Vegetable Pulao,300,Vegetable Pulao,300,Paneer Curry,350,Oats,250,Upma,230,Upma,230,Oats,250,Upma,230,Dal,280,Vegetable Khichdi,320,Vegetable Pulao,300,Upma,230,Upma,230,Vegetable Pulao,300,Paneer Curry,350,Vegetable Khichdi,320,Upma,230,Rice,240,Oats,250,Upma,230,Rice,240
161,62,30,Female,Medium,Veg,Gluten,Gain,Rice,240,Chappati,210,Vegetable Pulao,300,Vegetable Pulao,300,Poha,220,Idli,200,Upma,230,Vegetable Khichdi,320,Chappati,210,Upma,230,Idli,200,Vegetable Khichdi,320,Idli,200,Upma,230,Vegetable Pulao,300,Dal,280,Vegetable Pulao,300,Chappati,210,Vegetable Pulao,300,Chappati,210,Oats,250
160,63,36,Female,High,Vegan,None,Maintain,Salad,220,Lentils,280,Millet Upma,260,Fruit Bowl,180,Millet Upma,260,Vegetable Stew,270,Vegetable Stew,270,Millet Upma,260,Millet Upma,260,Lentils,280,Salad,220,Tofu Stir Fry,310,Salad,220,Fruit Bowl,180,Lentils,280,Tofu Stir Fry,310,Tofu Stir Fry,310,Salad,220,Vegetable Stew,270,Vegan Curry,300,Salad,220
186,60,33,Male,Low,Non-Veg,Dairy,Maintain,Fish Fry,350,Chicken Curry,400,Omelette,250,Paratha,320,Eggs,270,Fish Fry,350,Paneer,330,Paneer,330,Eggs,270,Boiled Eggs,160,Eggs,270,Chicken Curry,400,Paneer,330,Brown Rice,300,Paneer,330,Paratha,320,Brown Rice,300,Fish Fry,350,Omelette,250,Brown Rice,300,Grilled Chicken,360
162,45,41,Male,Medium,Non-Veg,Nuts,Loss,Brown Rice,300,Paneer,330,Paneer,330,Omelette,250,Boiled Eggs,160,Paratha,320,Brown Rice,300,Boiled Eggs,160,Grilled Chicken,360,Chicken Curry,400,Brown Rice,300,Brown Rice,300,Fish Fry,350,Paneer,330,Boiled Eggs,160,Omelette,250,Brown Rice,300,Paratha,320,Boiled Eggs,160,Paratha,320,Omelette,250
175,85,34,Female,Low,Veg,Gluten,Loss,Dal,280,Paneer Curry,350,Paneer Curry,350,Upma,230,Poha,220,Dal,280,Dal,280,Oats,250,Vegetable Khichdi,320,Rice,240,Dal,280,Upma,230,Vegetable Khichdi,320,Vegetable Pulao,300,Oats,250,Rice,240,Poha,220,Oats,250,Chappati,210,Vegetable Khichdi,320,Vegetable Pulao,300
172,59,29,Male,Low,Veg,Nuts,Gain,Poha,220,Dal,280,Idli,200,Dal,280,Rice,240,Oats,250,Dal,280,Chappati,210,Poha,220,Oats,250,Chappati,210,Dal,280,Chappati,210,Chappati,210,Poha,220,Poha,220,Vegetable Pulao,300,Dal,280,Dal,280,Vegetable Pulao,300,Upma,230
171,55,56,Female,Medium,Veg,Dairy,Maintain,Vegetable Pulao,300,Oats,250,Paneer Curry,350,Poha,220,Paneer Curry,350,Idli,200,Vegetable Khichdi,320,Vegetable Pulao,300,Oats,250,Rice,240,Dal,280,Chappati,210,Paneer Curry,350,Vegetable Pulao,300,Rice,240,Idli,200,Paneer Curry,350,Dal,280,Chappati,210,Chappati,210,Idli,200
184,93,49,Male,Low,Non-Veg,Nuts,Gain,Chicken Curry,400,Eggs,270,Grilled Chicken,360,Brown Rice,300,Brown Rice,300,Chicken Curry,400,Eggs,270,Boiled Eggs,160,Paneer,330,Chicken Curry,400,Eggs,270,Omelette,250,Eggs,270,Chicken Curry,400,Grilled Chicken,360,Chicken Curry,400,Omelette,250,Boiled Eggs,160,Fish Fry,350,Fish Fry,350,Omelette,250
182,46,58,Male,Low,Veg,Nuts,Loss,Poha,220,Upma,230,Chappati,210,Paneer Curry,350,Idli,200,Rice,240,Poha,220,Vegetable Pulao,300,Paneer Curry,350,Chappati,210,Idli,200,Upma,230,Chappati,210,Paneer Curry,350,Oats,250,Idli,200,Chappati,210,Vegetable Pulao,300,Vegetable Pulao,300,Vegetable Pulao,300,Vegetable Khichdi,320
189,73,19,Male,High,Vegan,Gluten,Gain,Lentils,280,Vegetable Stew,270,Smoothie,200,Vegetable Stew,270,Smoothie,200,Smoothie,200,Lentils,280,Quinoa,290,Smoothie,200,Vegetable Stew,270,Smoothie,200,Lentils,280,Quinoa,290,Vegetable Stew,270,Lentils,280,Fruit Bowl,180,Salad,220,Fruit Bowl,180,Vegan Curry,300,Tofu Stir Fry,310,Millet Upma,260
180,64,39,Female,Medium,Non-Veg,Gluten,Maintain,Omelette,250,Paneer,330,Chicken Curry,400,Fish Fry,350,Boiled Eggs,160,Chicken Curry,400,Paratha,320,Brown Rice,300,Paneer,330,Paneer,330,Eggs,270,Eggs,270,Boiled Eggs,160,Fish Fry,350,Eggs,270,Paneer,330,Fish Fry,350,Fish Fry,350,Fish Fry,350,Paneer,330,Brown Rice,300
170,68,58,Female,Low,Veg,Gluten,Maintain,Vegetable Pulao,300,Paneer Curry,350,Rice,240,Rice,240,Chappati,210,Poha,220,Oats,250,Poha,220,Chappati,210,Rice,240,Vegetable Pulao,300,Vegetable Khichdi,320,Oats,250,Idli,200,Poha,220,Vegetable Pulao,300,Poha,220,Chappati,210,Dal,280,Idli,200,Chappati,210
160,99,32,Female,High,Veg,Nuts,Gain,Upma,230,Oats,250,Poha,220,Chappati,210,Vegetable Khichdi,320,Vegetable Pulao,300,Chappati,210,Idli,200,Dal,280,Vegetable Khichdi,320,Chappati,210,Vegetable Khichdi,320,Upma,230,Vegetable Pulao,300,Oats,250,Idli,200,Paneer Curry,350,Poha,220,Paneer Curry,350,Upma,230,Upma,230
169,81,44,Female,Low,Veg,None,Gain,Poha,220,Chappati,210,Chappati,210,Chappati,210,Chappati,210,Dal,280,Vegetable Khichdi,320,Vegetable Pulao,300,Idli,200,Idli,200,Rice,240,Vegetable Pulao,300,Chappati,210,Paneer Curry,350,Vegetable Pulao,300,Dal,280,Oats,250,Paneer Curry,350,Rice,240,Idli,200,Rice,240
163,87,22,Male,Low,Veg,None,Gain,Poha,220,Poha,220,Vegetable Khichdi,320,Poha,220,Rice,240,Upma,230,Paneer Curry,350,Paneer Curry,350,Oats,250,Dal,280,Paneer Curry,350,Dal,280,Poha,220,Vegetable Pulao,300,Poha,220,Idli,200,Upma,230,Idli,200,Vegetable Pulao,300,Vegetable Pulao,300,Chappati,210
174,50,30,Female,Medium,Vegan,Gluten,Gain,Vegetable Stew,270,Vegetable Stew,270,Smoothie,200,Tofu Stir Fry,310,Tofu Stir Fry,310,Smoothie,200,Lentils,280,Lentils,280,Quinoa,290,Lentils,280,Smoothie,200,Lentils,280,Smoothie,200,Fruit Bowl,180,Lentils,280,Smoothie,200,Fruit Bowl,180,Quinoa,290,Salad,220,Salad,220,Salad,220
180,71,31,Male,High,Non-Veg,Nuts,Gain,Paratha,320,Paratha,320,Paneer,330,Chicken Curry,400,Paratha,320,Paratha,320,Paneer,330,Eggs,270,Fish Fry,350,Brown Rice,300,Fish Fry,350,Grilled Chicken,360,Boiled Eggs,160,Omelette,250,Omelette,250,Fish Fry,350,Paratha,320,Eggs,270,Paratha,320,Brown Rice,300,Brown Rice,300
158,74,41,Male,Medium,Non-Veg,Gluten,Gain,Brown Rice,300,Fish Fry,350,Grilled Chicken,360,Boiled Eggs,160,Omelette,250,Paratha,320,Chicken Curry,400,Paratha,320,Fish Fry,350,Fish Fry,350,Brown Rice,300,Grilled Chicken,360,Chicken Curry,400,Paneer,330,Eggs,270,Omelette,250,Grilled Chicken,360,Brown Rice,300,Boiled Eggs,160,Fish Fry,350,Grilled Chicken,360
169,88,37,Female,Low,Vegan,Dairy,Loss,Salad,220,Vegetable Stew,270,Quinoa,290,Tofu Stir Fry,310,Quinoa,290,Vegan Curry,300,Millet Upma,260,Vegan Curry,300,Lentils,280,Quinoa,290,Quinoa,290,Tofu Stir Fry,310,Lentils,280,Salad,220,Fruit Bowl,180,Millet Upma,260,Fruit Bowl,180,Fruit Bowl,180,Salad,220,Millet Upma,260,Tofu Stir Fry,310
167,80,29,Male,High,Veg,None,Loss,Chappati,210,Vegetable Khichdi,320,Vegetable Khichdi,320,Rice,240,Chappati,210,Vegetable Khichdi,320,Upma,230,Vegetable Pulao,300,Vegetable Khichdi,320,Idli,200,Upma,230,Vegetable Pulao,300,Paneer Curry,350,Oats,250,Poha,220,Poha,220,Paneer Curry,350,Rice,240,Rice,240,Idli,200,Idli,200
157,57,52,Female,Low,Vegan,None,Loss,Tofu Stir Fry,310,Quinoa,290,Tofu Stir Fry,310,Quinoa,290,Lentils,280,Vegetable Stew,270,Vegetable Stew,270,Millet Upma,260,Vegan Curry,300,Salad,220,Vegan Curry,300,Lentils,280,Lentils,280,Lentils,280,Vegan Curry,300,Lentils,280,Quinoa,290,Fruit Bowl,180,Salad,220,Smoothie,200,Smoothie,200
165,100,42,Male,High,Non-Veg,None,Loss,Grilled Chicken,360,Grilled Chicken,360,Chicken Curry,400,Brown Rice,300,Paneer,330,Omelette,250,Brown Rice,300,Chicken Curry,400,Grilled Chicken,360,Paratha,320,Grilled Chicken,360,Omelette,250,Brown Rice,300,Chicken Curry,400,Chicken Curry,400,Chicken Curry,400,Fish Fry,350,Fish Fry,350,Brown Rice,300,Brown Rice,300,Paneer,330
182,74,33,Female,Medium,Non-Veg,Nuts,Loss,Chicken Curry,400,Paratha,320,Brown Rice,300,Fish Fry,350,Eggs,270,Omelette,250,Grilled Chicken,360,Paratha,320,Fish Fry,350,Brown Rice,300,Paneer,330,Chicken Curry,400,Paneer,330,Omelette,250,Fish Fry,350,Boiled Eggs,160,Boiled Eggs,160,Brown Rice,300,Paratha,320,Boiled Eggs,160,Grilled Chicken,360
175,85,50,Female,Medium,Vegan,Dairy,Gain,Quinoa,290,Lentils,280,Quinoa,290,Millet Upma,260,Lentils,280,Fruit Bowl,180,Lentils,280,Vegetable Stew,270,Smoothie,200,Tofu Stir Fry,310,Smoothie,200,Salad,220,Millet Upma,260,Quinoa,290,Vegetable Stew,270,Millet Upma,260,Lentils,280,Lentils,280,Tofu Stir Fry,310,Quinoa,290,Lentils,280
163,80,48,Female,High,Veg,Nuts,Maintain,Oats,250,Oats,250,Paneer Curry,350,Dal,280,Dal,280,Oats,250,Oats,250,Oats,250,Vegetable Khichdi,320,Poha,220,Upma,230,Poha,220,Vegetable Khichdi,320,Upma,230,Vegetable Pulao,300,Vegetable Pulao,300,Poha,220,Dal,280,Vegetable Pulao,300,Poha,220,Rice,240
174,79,21,Female,High,Non-Veg,Dairy,Maintain,Fish Fry,350,Chicken Curry,400,Brown Rice,300,Brown Rice,300,Paratha,320,Fish Fry,350,Omelette,250,Brown Rice,300,Boiled Eggs,160,Brown Rice,300,Eggs,270,Paratha,320,Eggs,270,Grilled Chicken,360,Omelette,250,Boiled Eggs,160,Fish Fry,350,Chicken Curry,400,Chicken Curry,400,Eggs,270,Brown Rice,300
153,79,19,Male,High,Non-Veg,Dairy,Gain,Chicken Curry,400,Paneer,330,Brown Rice,300,Boiled Eggs,160,Paratha,320,Fish Fry,350,Brown Rice,300,Omelette,250,Grilled Chicken,360,Paratha,320,Paratha,320,Chicken Curry,400,Fish Fry,350,Fish Fry,350,Eggs,270,Boiled Eggs,160,Eggs,270,Omelette,250,Boiled Eggs,160,Grilled Chicken,360,Paratha,320
165,87,59,Male,Low,Vegan,Dairy,Gain,Smoothie,200,Smoothie,200,Vegetable Stew,270,Smoothie,200,Quinoa,290,Tofu Stir Fry,310,Salad,220,Tofu Stir Fry,310,Vegan Curry,300,Lentils,280,Quinoa,290,Lentils,280,Smoothie,200,Vegetable Stew,270,Fruit Bowl,180,Millet Upma,260,Lentils,280,Vegan Curry,300,Smoothie,200,Millet Upma,260,Lentils,280
168,71,42,Female,Low,Veg,Nuts,Loss,Vegetable Pulao,300,Paneer Curry,350,Upma,230,Idli,200,Poha,220,Poha,220,Paneer Curry,350,Chappati,210,Dal,280,Chappati,210,Chappati,210,Oats,250,Vegetable Khichdi,320,Oats,250,Vegetable Pulao,300,Upma,230,Vegetable Pulao,300,Idli,200,Upma,230,Idli,200,Idli,200
163,92,22,Male,Low,Non-Veg,Nuts,Gain,Chicken Curry,400,Brown Rice,300,Omelette,250,Fish Fry,350,Eggs,270,Fish Fry,350,Brown Rice,300,Brown Rice,300,Boiled Eggs,160,Boiled Eggs,160,Grilled Chicken,360,Chicken Curry,400,Brown Rice,300,Brown Rice,300,Fish Fry,350,Chicken Curry,400,Grilled Chicken,360,Eggs,270,Paneer,330,Fish Fry,350,Chicken Curry,400
188,60,49,Male,Medium,Non-Veg,None,Maintain,Eggs,270,Eggs,270,Eggs,270,Eggs,270,Fish Fry,350,Omelette,250,Chicken Curry,400,Boiled Eggs,160,Paneer,330,Chicken Curry,400,Paratha,320,Eggs,270,Paneer,330,Paneer,330,Omelette,250,Grilled Chicken,360,Eggs,270,Paratha,320,Paneer,330,Boiled Eggs,160,Eggs,270
